,HT,AT,Result
0,23,22,1
1,3,14,1
2,8,6,0
3,9,25,0
4,11,15,1
5,17,4,0
6,19,10,2
7,20,27,2
8,13,24,2
9,16,12,0
10,6,11,0
11,10,9,0
12,12,20,1
13,15,19,1
14,22,3,2
15,24,8,2
16,27,13,2
17,4,16,2
18,14,17,0
19,25,23,2
20,8,22,1
21,3,27,2
22,9,14,0
23,11,12,2
24,17,15,2
25,20,4,0
26,23,6,0
27,13,10,0
28,19,16,0
29,25,24,1
30,14,20,2
31,6,24,0
32,10,23,2
33,12,9,2
34,16,11,1
35,19,17,2
36,27,8,2
37,4,3,1
38,15,13,2
39,22,25,2
40,13,16,2
41,3,10,1
42,17,12,2
43,20,15,2
44,23,27,2
45,24,22,1
46,25,6,2
47,8,14,0
48,9,4,2
49,11,19,2
50,4,8,2
51,12,23,0
52,14,24,2
53,15,3,2
54,19,20,2
55,27,6,1
56,10,25,0
57,11,17,1
58,16,9,2
59,22,13,1
60,23,14,0
61,24,27,0
62,3,19,1
63,6,22,0
64,8,10,2
65,9,15,0
66,13,12,2
67,17,16,0
68,20,11,2
69,25,4,1
70,11,3,2
71,12,8,0
72,15,23,2
73,16,20,0
74,17,9,2
75,27,22,1
76,4,24,2
77,10,6,1
78,14,25,2
79,19,13,1
80,23,4,2
81,3,12,0
82,6,14,0
83,8,15,2
84,20,17,1
85,24,10,2
86,9,19,0
87,13,11,2
88,22,16,1
89,25,27,0
90,10,22,0
91,11,9,0
92,12,25,0
93,15,24,1
94,16,8,2
95,19,23,1
96,20,3,0
97,4,6,1
98,13,17,2
99,14,27,2
100,27,10,0
101,3,16,0
102,6,12,2
103,8,19,0
104,22,4,2
105,23,17,2
106,9,20,0
107,13,14,2
108,24,11,2
109,25,15,2
110,16,23,1
111,9,3,2
112,11,25,1
113,12,22,0
114,15,6,2
115,17,8,2
116,20,13,0
117,4,27,2
118,14,10,2
119,19,24,1
120,24,12,2
121,3,17,2
122,6,19,0
123,8,20,2
124,10,4,0
125,27,15,2
126,13,9,2
127,22,14,2
128,23,11,2
129,25,16,1
130,15,22,0
131,3,13,1
132,9,24,0
133,12,10,2
134,16,6,1
135,20,23,1
136,14,4,2
137,17,27,2
138,19,25,1
139,14,19,2
140,6,17,1
141,10,15,2
142,22,20,2
143,23,3,2
144,24,16,2
145,27,12,0
146,4,11,2
147,8,9,2
148,25,13,2
149,12,14,1
150,16,10,2
151,19,27,0
152,3,8,0
153,9,6,2
154,11,22,1
155,15,4,1
156,17,25,0
157,20,24,0
158,13,23,2
159,27,16,0
160,4,12,2
161,6,20,0
162,22,19,2
163,24,17,0
164,25,3,2
165,8,13,0
166,10,11,1
167,14,15,2
168,23,9,0
169,13,6,2
170,3,24,2
171,12,15,2
172,17,10,1
173,19,4,2
174,23,8,2
175,9,22,2
176,11,27,2
177,16,14,2
178,20,25,1
179,10,20,2
180,6,3,1
181,12,19,0
182,15,16,0
183,22,17,1
184,24,23,0
185,27,9,1
186,4,13,0
187,14,11,2
188,25,8,2
189,11,8,2
190,17,14,2
191,3,22,2
192,8,24,1
193,9,10,2
194,11,6,2
195,20,12,2
196,23,25,0
197,13,27,2
198,16,4,1
199,19,15,1
200,4,20,0
201,6,23,2
202,10,13,0
203,12,11,2
204,15,17,0
205,16,19,2
206,27,3,1
207,14,9,2
208,22,8,2
209,24,25,1
210,20,14,2
211,3,4,1
212,9,12,2
213,11,16,0
214,17,19,2
215,8,27,2
216,13,15,2
217,23,10,1
218,24,6,0
219,25,22,0
220,22,24,2
221,10,3,1
222,12,17,1
223,14,8,2
224,15,20,1
225,19,11,1
226,27,23,2
227,4,9,1
228,6,25,2
229,16,13,1
230,25,10,1
231,3,15,2
232,6,27,2
233,8,4,0
234,17,11,0
235,23,12,0
236,24,14,1
237,9,16,2
238,13,22,1
239,20,19,1
240,14,23,1
241,10,8,0
242,11,20,1
243,19,3,0
244,22,6,1
245,27,24,2
246,4,25,2
247,12,13,1
248,15,9,0
249,20,16,0
250,3,11,2
251,6,10,2
252,22,27,2
253,24,4,1
254,9,17,0
255,13,19,2
256,23,15,1
257,25,14,1
258,14,6,0
259,4,23,1
260,10,24,0
261,11,13,2
262,12,3,2
263,15,8,0
264,27,25,1
265,16,22,1
266,17,20,2
267,19,9,2
268,8,12,2
269,27,14,0
270,3,20,2
271,6,4,0
272,8,16,0
273,22,10,2
274,23,19,2
275,24,15,2
276,9,11,0
277,17,13,0
278,25,12,2
279,16,3,2
280,20,9,0
281,10,27,2
282,12,6,2
283,15,25,0
284,17,23,2
285,19,8,2
286,4,22,2
287,11,24,2
288,14,13,1
289,22,12,2
290,3,9,1
291,6,15,1
292,8,17,2
293,13,20,0
294,24,19,1
295,27,4,2
296,10,14,0
297,23,16,0
298,25,11,2
299,16,25,1
300,9,13,0
301,11,23,2
302,12,24,0
303,15,27,2
304,17,3,2
305,20,8,1
306,4,10,2
307,14,22,0
308,19,6,0
309,16,17,1
310,6,16,0
311,4,14,2
312,8,11,0
313,10,12,1
314,23,20,0
315,24,9,2
316,25,19,2
317,27,17,2
318,13,3,2
319,19,14,2
320,3,23,0
321,9,8,1
322,12,27,0
323,15,10,2
324,16,24,1
325,20,22,0
326,11,4,2
327,13,25,1
328,17,6,2
329,14,12,0
330,4,15,1
331,6,9,0
332,8,3,0
333,22,11,2
334,24,20,2
335,27,19,1
336,10,16,0
337,23,13,0
338,25,17,2
339,22,15,2
340,15,14,0
341,3,25,2
342,9,23,2
343,12,4,1
344,13,8,2
345,17,24,1
346,20,6,1
347,11,10,2
348,16,27,2
349,19,22,0
350,22,9,2
351,4,19,2
352,6,13,2
353,8,23,0
354,15,12,0
355,24,3,0
356,27,11,2
357,10,17,0
358,14,16,2
359,25,20,2
360,3,6,1
361,8,25,0
362,9,27,2
363,11,14,0
364,13,4,1
365,16,15,2
366,17,22,0
367,19,12,1
368,20,10,2
369,23,24,2
370,4,17,2
371,6,8,2
372,10,19,2
373,12,16,0
374,14,3,2
375,15,11,0
376,22,23,2
377,24,13,0
378,25,9,2
379,27,20,0
0,11,22,0
1,3,24,2
2,14,6,0
3,17,2,0
4,19,9,2
5,20,16,0
6,28,0,1
7,4,23,0
8,13,12,1
9,27,25,2
10,16,11,1
11,2,19,1
12,6,27,2
13,9,13,0
14,24,17,2
15,25,4,1
16,28,20,1
17,12,3,1
18,22,0,2
19,23,14,2
20,17,22,0
21,0,2,0
22,3,9,2
23,13,24,0
24,19,23,2
25,20,6,2
26,27,16,1
27,11,4,1
28,12,25,0
29,14,28,2
30,9,14,2
31,2,20,1
32,6,13,0
33,11,0,2
34,23,12,2
35,24,27,2
36,28,17,1
37,4,19,2
38,16,22,0
39,25,3,2
40,22,4,1
41,12,2,2
42,13,11,1
43,17,25,0
44,20,9,0
45,27,23,1
46,28,6,0
47,0,16,0
48,14,3,2
49,19,24,0
50,24,11,1
51,2,28,2
52,3,20,0
53,6,17,2
54,9,0,2
55,23,22,1
56,4,27,1
57,14,13,1
58,16,12,0
59,25,19,2
60,2,23,1
61,22,9,2
62,0,24,1
63,12,6,2
64,13,3,2
65,20,4,2
66,27,14,1
67,28,25,0
68,17,16,0
69,23,11,2
70,3,27,2
71,4,13,2
72,6,0,2
73,19,22,0
74,24,28,1
75,9,16,1
76,14,2,0
77,17,12,2
78,25,20,0
79,11,19,0
80,11,17,2
81,0,27,1
82,2,3,2
83,13,23,2
84,28,9,0
85,6,25,2
86,12,4,2
87,16,24,1
88,22,14,2
89,16,13,1
90,3,22,0
91,9,11,1
92,19,28,2
93,23,6,0
94,25,0,2
95,27,2,0
96,4,17,1
97,14,12,1
98,24,20,0
99,6,19,0
100,13,27,2
101,0,20,2
102,2,9,1
103,12,24,1
104,17,3,2
105,4,28,2
106,11,14,0
107,22,25,2
108,23,16,0
109,24,22,0
110,0,4,2
111,3,6,2
112,9,12,1
113,25,23,2
114,27,17,1
115,28,13,0
116,16,2,2
117,19,14,0
118,20,11,1
119,20,19,0
120,2,24,0
121,6,9,2
122,11,3,1
123,12,28,2
124,17,19,2
125,22,27,2
126,23,0,0
127,4,16,2
128,13,25,2
129,14,20,0
130,20,13,2
131,9,27,2
132,12,22,0
133,16,19,2
134,17,23,2
135,28,11,1
136,3,0,0
137,6,2,1
138,24,4,1
139,25,14,0
140,13,17,0
141,0,12,1
142,2,11,2
143,19,3,1
144,22,28,2
145,23,24,1
146,27,20,2
147,4,6,0
148,14,16,1
149,25,9,2
150,2,22,1
151,12,20,1
152,19,13,1
153,3,4,2
154,9,23,0
155,11,25,2
156,16,6,1
157,17,0,0
158,28,27,0
159,24,14,0
160,20,22,0
161,0,19,1
162,3,16,0
163,6,11,0
164,13,2,0
165,23,28,1
166,27,12,0
167,4,9,2
168,14,17,1
169,25,24,1
170,24,6,1
171,11,12,2
172,17,9,2
173,19,27,1
174,23,20,1
175,28,3,1
176,2,4,1
177,14,0,1
178,16,25,2
179,22,13,2
180,20,17,2
181,3,23,2
182,6,22,0
183,9,24,0
184,12,19,1
185,27,11,1
186,28,16,1
187,0,13,2
188,4,14,1
189,25,2,2
190,22,3,2
191,2,6,2
192,13,28,2
193,16,0,1
194,17,4,0
195,23,27,0
196,24,12,1
197,11,20,1
198,14,9,1
199,19,25,2
200,20,2,2
201,0,23,1
202,3,17,2
203,4,11,2
204,9,19,1
205,27,22,0
206,28,24,0
207,6,14,0
208,12,16,0
209,25,13,2
210,24,0,2
211,9,3,2
212,11,28,0
213,17,6,0
214,19,4,1
215,20,12,2
216,22,2,2
217,13,14,1
218,16,27,2
219,23,25,1
220,14,11,1
221,0,17,0
222,2,16,2
223,3,13,2
224,12,23,2
225,27,9,0
226,28,19,0
227,4,24,2
228,6,20,2
229,25,22,0
230,16,3,2
231,17,14,0
232,9,28,2
233,11,6,2
234,13,4,2
235,19,0,2
236,20,27,2
237,22,12,2
238,23,2,2
239,24,25,0
240,0,9,1
241,2,13,0
242,3,28,2
243,6,23,0
244,12,17,1
245,16,20,2
246,27,19,1
247,4,25,0
248,11,24,1
249,14,22,0
250,24,2,2
251,0,28,0
252,9,4,0
253,17,27,2
254,19,12,2
255,22,11,1
256,23,3,0
257,13,6,2
258,20,14,1
259,25,16,1
260,4,20,1
261,2,17,0
262,12,9,2
263,16,28,2
264,22,23,2
265,27,0,1
266,6,24,2
267,11,13,2
268,14,25,1
269,20,3,0
270,9,2,1
271,17,11,2
272,23,4,2
273,27,24,0
274,28,12,0
275,13,22,2
276,19,16,1
277,25,6,0
278,6,16,1
279,2,25,1
280,3,12,1
281,4,0,1
282,11,23,2
283,20,28,2
284,22,17,1
285,13,9,2
286,14,27,1
287,24,19,2
288,0,14,1
289,3,19,1
290,16,23,1
291,0,6,2
292,3,11,0
293,9,25,2
294,12,14,1
295,17,20,0
296,27,4,2
297,19,2,2
298,24,13,1
299,28,22,0
300,14,24,0
301,2,12,2
302,6,28,2
303,11,27,2
304,13,19,2
305,23,9,0
306,25,17,2
307,4,3,1
308,20,0,2
309,22,16,0
310,16,4,0
311,0,25,0
312,9,17,1
313,22,20,2
314,24,23,2
315,27,6,2
316,28,2,0
317,3,14,2
318,12,13,0
319,19,11,0
320,17,13,0
321,2,0,1
322,6,12,0
323,9,22,0
324,23,19,2
325,25,28,2
326,27,3,2
327,11,16,2
328,14,4,1
329,20,24,2
330,13,20,1
331,0,11,0
332,3,25,0
333,4,2,0
334,12,27,1
335,22,6,2
336,28,23,2
337,16,14,2
338,19,17,0
339,24,9,0
340,20,23,2
341,27,13,0
342,0,3,2
343,9,6,1
344,14,19,1
345,17,28,2
346,24,16,1
347,25,12,2
348,11,2,1
349,22,24,2
350,6,3,1
351,12,11,0
352,13,0,2
353,16,9,2
354,19,20,2
355,23,17,0
356,25,27,1
357,28,4,0
358,2,14,0
359,0,22,0
360,3,2,2
361,4,12,2
362,11,9,1
363,13,16,2
364,14,23,2
365,17,24,2
366,19,6,0
367,20,25,2
368,27,28,2
369,4,22,1
370,2,27,0
371,6,4,2
372,9,20,0
373,12,0,2
374,16,17,2
375,22,19,2
376,23,13,2
377,24,3,0
378,25,11,0
379,28,14,1
380,-1,-1,-1
0,3,22,0
1,16,9,1
2,4,25,2
3,6,12,2
4,7,19,0
5,15,11,2
6,17,2,2
7,14,27,1
8,18,13,0
9,20,24,2
10,13,6,2
11,2,20,0
12,11,7,2
13,12,3,0
14,19,16,0
15,24,18,2
16,27,4,2
17,9,14,2
18,22,15,2
19,25,17,2
20,14,12,2
21,6,3,2
22,7,13,2
23,15,2,2
24,17,24,1
25,18,9,0
26,20,11,1
27,4,19,2
28,16,22,2
29,25,27,1
30,22,25,1
31,2,7,2
32,3,27,2
33,9,17,1
34,11,16,0
35,12,18,0
36,13,4,0
37,19,15,0
38,20,14,2
39,24,6,2
40,6,22,0
41,4,2,0
42,7,15,1
43,12,11,2
44,16,24,2
45,18,19,1
46,27,9,2
47,14,13,1
48,17,20,1
49,25,3,2
50,11,27,0
51,22,7,2
52,2,6,2
53,3,18,1
54,9,12,2
55,13,17,2
56,15,4,0
57,19,25,1
58,20,16,2
59,24,14,2
60,27,22,2
61,3,9,2
62,4,6,1
63,7,24,2
64,12,13,2
65,16,2,2
66,17,15,0
67,14,19,2
68,18,20,0
69,25,11,2
70,24,9,2
71,6,27,2
72,7,17,1
73,11,18,2
74,15,16,0
75,19,3,2
76,22,4,2
77,2,14,1
78,13,25,2
79,20,12,2
80,20,13,2
81,27,16,2
82,3,2,0
83,9,11,2
84,12,19,0
85,17,6,2
86,18,22,0
87,14,15,2
88,24,4,1
89,25,7,1
90,16,17,2
91,2,27,1
92,4,18,1
93,7,12,2
94,11,3,2
95,13,9,0
96,19,24,0
97,6,25,0
98,15,20,0
99,22,14,1
100,11,22,0
101,3,7,1
102,9,2,2
103,12,17,1
104,18,6,2
105,25,16,1
106,27,13,0
107,14,4,1
108,20,19,2
109,24,15,2
110,17,14,2
111,2,11,2
112,4,12,2
113,7,9,1
114,13,3,2
115,16,18,2
116,19,27,1
117,6,20,2
118,15,25,1
119,22,24,2
120,11,13,0
121,12,16,0
122,3,17,1
123,18,7,2
124,22,19,2
125,24,2,1
126,27,15,0
127,9,4,1
128,14,6,2
129,25,20,0
130,24,27,2
131,4,7,2
132,6,9,1
133,15,12,1
134,16,14,2
135,17,18,1
136,19,11,1
137,2,25,0
138,13,22,0
139,20,3,1
140,7,16,1
141,11,6,2
142,12,24,2
143,3,4,1
144,9,20,0
145,18,15,2
146,19,13,0
147,22,2,2
148,25,14,1
149,27,17,2
150,6,7,1
151,2,12,1
152,4,11,0
153,9,19,2
154,16,3,2
155,17,22,2
156,14,18,2
157,20,27,2
158,24,25,2
159,3,15,2
160,4,16,0
161,7,14,0
162,11,17,2
163,18,2,2
164,27,12,2
165,13,24,2
166,22,20,1
167,25,9,2
168,2,19,0
169,9,22,2
170,12,25,2
171,17,4,2
172,24,3,0
173,27,18,1
174,6,15,2
175,14,11,2
176,16,13,0
177,20,7,2
178,3,14,0
179,4,20,1
180,7,27,2
181,11,24,1
182,13,2,2
183,15,9,1
184,16,6,2
185,19,17,2
186,22,12,2
187,25,18,1
188,11,25,1
189,2,4,1
190,12,9,2
191,17,7,1
192,18,3,2
193,24,22,0
194,27,19,0
195,6,13,2
196,14,16,0
197,20,15,1
198,19,6,2
199,3,20,1
200,4,27,2
201,7,11,1
202,9,24,1
203,15,17,2
204,19,22,0
205,13,14,2
206,16,12,2
207,25,2,2
208,14,17,2
209,2,15,2
210,3,6,1
211,12,7,0
212,13,11,0
213,18,4,0
214,24,19,1
215,20,9,2
216,22,16,1
217,27,25,0
218,15,14,2
219,4,24,1
220,7,22,0
221,9,6,0
222,11,12,0
223,16,20,2
224,17,3,2
225,19,18,0
226,25,13,2
227,27,2,2
228,6,4,0
229,17,16,0
230,22,11,2
231,2,24,1
232,12,27,1
233,13,18,2
234,14,9,2
235,15,7,2
236,20,25,2
237,4,22,0
238,7,6,2
239,9,13,2
240,11,2,0
241,16,15,2
242,18,17,0
243,27,3,2
244,19,14,2
245,24,20,1
246,25,12,2
247,3,16,1
248,2,18,2
249,6,11,0
250,12,20,0
251,14,24,2
252,15,19,1
253,4,9,2
254,13,7,2
255,17,25,2
256,22,27,1
257,6,18,2
258,19,7,2
259,20,17,2
260,2,3,2
261,9,16,0
262,11,4,0
263,18,27,1
264,24,12,2
265,13,15,2
266,14,22,0
267,25,6,0
268,3,19,1
269,4,13,1
270,3,25,1
271,6,2,0
272,7,20,0
273,15,24,1
274,17,9,1
275,22,18,2
276,12,14,0
277,16,19,2
278,27,11,1
279,14,2,2
280,20,6,1
281,9,3,2
282,16,4,2
283,17,19,0
284,18,11,0
285,24,7,1
286,12,22,0
287,13,27,2
288,25,15,1
289,11,14,1
290,15,3,2
291,2,9,2
292,4,17,2
293,18,12,0
294,19,20,1
295,27,24,1
296,6,16,0
297,7,25,0
298,22,13,2
299,9,18,2
300,3,11,0
301,14,7,1
302,12,6,2
303,17,27,0
304,19,2,2
305,20,4,2
306,24,13,1
307,15,13,0
308,11,20,0
309,2,16,0
310,4,15,2
311,6,17,0
312,7,3,0
313,13,12,0
314,18,24,2
315,22,9,2
316,25,19,1
317,27,14,1
318,2,22,0
319,9,27,2
320,15,6,1
321,16,7,2
322,17,12,2
323,20,18,2
324,24,11,2
325,3,13,0
326,14,25,2
327,19,4,0
328,15,22,0
329,18,14,1
330,4,3,2
331,6,19,0
332,7,2,2
333,11,9,2
334,12,15,2
335,22,17,2
336,13,16,0
337,25,24,1
338,27,20,1
339,2,13,0
340,3,24,2
341,9,25,0
342,15,18,2
343,16,27,2
344,17,11,0
345,19,12,2
346,6,14,0
347,7,4,1
348,20,22,2
349,25,4,1
350,9,7,2
351,11,15,0
352,12,2,1
353,18,16,0
354,22,3,2
355,27,6,0
356,13,19,2
357,14,20,2
358,24,17,2
359,3,12,2
360,4,14,1
361,6,24,0
362,7,18,2
363,15,27,1
364,16,11,2
365,17,13,0
366,19,9,2
367,20,2,0
368,25,22,0
369,16,25,2
370,2,17,2
371,9,15,2
372,11,19,2
373,12,4,1
374,13,20,1
375,14,3,2
376,18,25,2
377,22,6,1
378,24,16,0
379,27,7,1
0,16,27,2
1,13,26,2
2,15,9,0
3,17,6,2
4,22,1,2
5,25,20,2
6,28,24,1
7,2,4,1
8,11,19,2
9,14,7,2
10,20,28,0
11,24,13,0
12,1,2,0
13,4,15,2
14,6,25,0
15,19,14,0
16,27,17,2
17,7,16,0
18,9,22,0
19,26,11,2
20,15,16,0
21,13,4,1
22,17,26,1
23,20,9,2
24,24,7,1
25,25,1,2
26,28,19,0
27,11,6,0
28,14,2,1
29,22,27,2
30,22,25,2
31,1,20,2
32,4,28,2
33,6,15,2
34,7,17,2
35,19,13,1
36,27,24,2
37,2,11,1
38,9,26,2
39,16,14,2
40,11,4,1
41,15,22,0
42,6,7,2
43,17,19,0
44,20,16,2
45,26,1,0
46,28,27,1
47,13,9,2
48,14,24,0
49,25,2,1
50,27,4,0
51,7,25,0
52,9,11,2
53,16,26,2
54,19,6,2
55,28,17,0
56,1,14,0
57,2,15,0
58,22,13,2
59,24,20,0
60,11,16,0
61,20,2,1
62,4,9,2
63,6,1,2
64,13,7,1
65,15,28,0
66,17,22,1
67,14,27,2
68,25,24,1
69,26,19,0
70,16,17,1
71,7,26,1
72,9,27,1
73,19,15,2
74,22,4,2
75,24,6,0
76,2,13,1
77,20,14,0
78,28,25,2
79,13,16,2
80,6,2,0
81,7,22,0
82,9,24,2
83,11,28,1
84,25,15,2
85,27,1,2
86,4,19,1
87,17,20,2
88,26,14,1
89,25,17,0
90,1,4,2
91,2,27,0
92,15,7,0
93,16,6,2
94,19,9,2
95,24,11,2
96,14,22,1
97,20,26,0
98,28,13,0
99,22,20,2
100,4,16,0
101,6,28,2
102,7,19,2
103,9,1,1
104,17,24,0
105,26,2,1
106,11,14,0
107,13,15,2
108,27,25,1
109,24,4,2
110,2,22,0
111,16,9,2
112,17,1,1
113,19,27,2
114,28,26,2
115,14,6,2
116,15,11,0
117,20,7,2
118,25,13,0
119,1,16,1
120,11,25,2
121,7,28,2
122,9,2,1
123,22,19,2
124,26,24,2
125,27,15,1
126,4,14,1
127,6,20,1
128,13,17,1
129,1,11,2
130,25,26,1
131,6,4,2
132,7,27,2
133,15,1,0
134,17,11,2
135,24,19,2
136,28,2,2
137,14,9,2
138,16,22,0
139,20,13,0
140,1,7,2
141,4,25,2
142,26,6,1
143,2,24,0
144,9,17,1
145,13,11,0
146,15,14,0
147,19,16,2
148,22,28,2
149,27,20,0
150,7,4,2
151,11,27,2
152,16,2,2
153,20,15,2
154,24,1,2
155,26,22,2
156,28,9,0
157,6,13,0
158,17,14,1
159,25,19,1
160,4,26,0
161,2,17,1
162,9,7,2
163,15,24,1
164,16,28,2
165,22,11,2
166,27,6,2
167,1,13,0
168,14,25,2
169,19,20,0
170,25,16,0
171,6,9,1
172,7,11,2
173,17,15,0
174,24,22,0
175,26,27,2
176,28,1,2
177,13,14,2
178,19,2,2
179,20,4,2
180,1,19,0
181,2,7,2
182,4,17,0
183,9,25,2
184,11,20,1
185,14,28,2
186,15,26,2
187,16,24,2
188,22,6,2
189,27,13,0
190,26,9,0
191,6,11,0
192,7,15,1
193,17,16,1
194,20,1,2
195,24,14,0
196,28,4,0
197,13,2,1
198,19,22,0
199,25,27,2
200,4,6,0
201,14,26,2
202,16,20,1
203,1,17,1
204,2,28,2
205,9,13,0
206,11,24,0
207,15,25,2
208,22,7,2
209,27,19,1
210,6,14,0
211,1,9,2
212,17,27,2
213,19,4,0
214,24,2,2
215,26,7,2
216,28,11,2
217,13,22,2
218,16,15,2
219,20,25,2
220,7,24,2
221,2,1,2
222,9,19,0
223,15,20,2
224,22,17,2
225,25,6,2
226,27,28,2
227,4,13,2
228,11,26,2
229,14,16,1
230,14,15,2
231,1,25,0
232,11,22,0
233,17,2,2
234,20,27,0
235,26,4,0
236,6,19,2
237,16,13,2
238,24,9,0
239,25,14,1
240,2,16,0
241,4,1,2
242,7,20,2
243,9,6,1
244,15,17,0
245,27,22,0
246,13,24,0
247,19,11,1
248,26,28,2
249,16,7,2
250,1,27,1
251,2,25,0
252,6,24,1
253,17,9,1
254,22,26,2
255,28,15,2
256,11,13,1
257,14,4,2
258,20,19,1
259,28,7,1
260,26,17,1
261,7,6,2
262,9,15,1
263,11,2,0
264,19,1,0
265,24,28,2
266,27,16,1
267,4,20,1
268,13,25,1
269,22,14,2
270,16,4,2
271,20,11,2
272,1,24,0
273,2,9,2
274,15,27,1
275,25,7,1
276,28,22,0
277,6,26,2
278,14,19,1
279,17,13,1
280,26,16,0
281,4,2,1
282,7,1,1
283,11,17,1
284,19,28,2
285,22,15,2
286,24,25,1
287,9,20,0
288,13,6,2
289,27,14,0
290,22,2,2
291,16,11,2
292,1,28,1
293,2,6,2
294,4,24,0
295,17,7,1
296,27,26,1
297,14,13,0
298,15,19,1
299,20,22,0
300,25,9,2
301,7,14,0
302,6,17,0
303,9,4,2
304,11,1,0
305,13,27,2
306,19,25,0
307,26,15,1
308,28,20,0
309,24,16,1
310,25,22,1
311,1,6,2
312,2,26,1
313,4,11,2
314,9,28,2
315,16,19,2
316,27,7,0
317,14,17,1
318,15,13,0
319,20,24,1
320,2,20,1
321,11,9,1
322,13,1,2
323,19,7,1
324,24,15,0
325,26,25,0
326,17,4,0
327,22,16,2
328,28,14,0
329,7,13,0
330,19,24,1
331,1,26,2
332,9,16,2
333,14,11,2
334,15,6,1
335,27,2,2
336,4,22,0
337,20,17,2
338,25,28,2
339,6,27,1
340,17,25,0
341,4,7,2
342,11,15,2
343,13,19,2
344,16,1,1
345,26,20,1
346,28,6,2
347,2,14,1
348,22,9,1
349,24,27,2
350,1,22,1
351,6,16,0
352,7,9,2
353,13,28,2
354,14,20,2
355,15,2,0
356,19,17,0
357,24,26,2
358,25,4,0
359,27,11,0
360,9,14,1
361,1,15,2
362,2,19,0
363,4,27,2
364,11,7,2
365,16,25,2
366,17,28,1
367,20,6,2
368,22,24,0
369,26,13,2
370,6,22,1
371,7,2,2
372,13,20,2
373,14,1,2
374,15,4,0
375,19,26,2
376,24,17,1
377,25,11,2
378,27,9,2
379,28,16,0
0,14,27,2
1,2,21,0
2,11,24,2
3,17,7,0
4,19,16,0
5,20,23,0
6,25,9,2
7,4,26,0
8,13,1,2
9,22,6,2
10,23,13,2
11,1,17,0
12,6,20,1
13,7,19,2
14,9,22,0
15,16,11,1
16,24,2,2
17,21,14,2
18,26,25,1
19,27,4,2
20,13,26,2
21,1,23,2
22,17,25,1
23,19,6,1
24,20,7,0
25,22,2,2
26,27,21,2
27,4,16,2
28,11,9,2
29,14,24,1
30,13,20,0
31,2,11,2
32,7,6,0
33,9,27,0
34,21,22,0
35,23,17,0
36,26,19,0
37,16,14,0
38,24,4,2
39,25,1,1
40,20,24,2
41,22,25,2
42,1,11,0
43,6,13,1
44,7,2,0
45,17,26,1
46,27,16,1
47,4,21,1
48,14,9,2
49,19,23,1
50,16,21,1
51,2,27,1
52,11,19,2
53,17,20,2
54,23,7,1
55,25,6,2
56,26,1,2
57,9,4,0
58,13,14,2
59,24,22,0
60,16,2,0
61,19,20,0
62,27,25,0
63,1,24,2
64,4,11,2
65,6,17,1
66,7,13,0
67,14,26,2
68,21,9,1
69,22,23,2
70,25,16,2
71,2,9,0
72,6,1,2
73,13,19,1
74,20,22,0
75,23,4,1
76,26,7,2
77,11,14,2
78,17,21,2
79,24,27,1
80,27,20,1
81,1,7,2
82,2,26,1
83,9,17,1
84,11,25,2
85,21,23,1
86,4,19,2
87,14,6,2
88,16,24,0
89,22,13,2
90,13,21,2
91,6,9,1
92,7,11,0
93,19,27,2
94,22,1,2
95,23,2,1
96,26,16,2
97,17,4,2
98,20,14,0
99,25,24,1
100,21,25,1
101,1,19,0
102,2,13,0
103,9,26,1
104,11,6,2
105,16,7,1
106,27,17,0
107,4,20,0
108,14,22,0
109,24,23,0
110,22,11,2
111,6,24,0
112,7,21,0
113,13,4,1
114,20,1,2
115,23,16,2
116,26,27,1
117,17,14,2
118,19,9,2
119,25,2,2
120,11,26,1
121,2,17,2
122,9,13,0
123,21,20,0
124,25,23,2
125,27,1,0
126,4,6,1
127,14,7,2
128,16,22,0
129,24,19,1
130,13,25,2
131,6,16,0
132,7,4,1
133,19,2,1
134,22,27,2
135,23,9,2
136,26,21,0
137,1,14,0
138,17,24,1
139,20,11,2
140,25,19,2
141,2,6,1
142,9,20,1
143,11,13,1
144,16,17,0
145,21,1,2
146,4,22,1
147,14,23,1
148,24,26,0
149,27,7,1
150,1,16,0
151,17,11,0
152,20,2,1
153,4,25,2
154,6,21,0
155,7,9,2
156,13,24,0
157,19,14,2
158,23,27,0
159,26,22,1
160,9,1,0
161,24,7,2
162,11,23,1
163,26,6,1
164,23,26,2
165,13,16,2
166,20,25,1
167,21,11,0
168,6,27,2
169,2,14,1
170,11,27,0
171,16,9,0
172,17,13,1
173,22,19,2
174,23,6,1
175,24,21,2
176,25,7,2
177,26,20,2
178,4,1,1
179,1,2,1
180,19,17,2
181,6,11,0
182,13,23,1
183,1,22,0
184,9,25,0
185,20,4,2
186,7,17,1
187,14,16,1
188,19,24,0
189,27,26,0
190,2,4,0
191,9,24,2
192,16,20,1
193,21,19,2
194,25,14,2
195,27,13,1
196,11,1,2
197,16,26,0
198,21,27,0
199,22,9,2
200,23,20,1
201,2,19,2
202,4,7,2
203,6,14,0
204,24,17,1
205,25,13,0
206,21,2,2
207,14,11,0
208,7,16,2
209,9,23,0
210,20,21,2
211,26,4,2
212,1,13,0
213,17,6,2
214,22,24,2
215,27,2,1
216,19,25,1
217,11,20,2
218,2,7,2
219,16,27,2
220,23,14,2
221,24,1,2
222,13,22,2
223,21,17,1
224,14,4,2
225,7,14,0
226,1,6,2
227,22,4,2
228,26,2,0
229,9,11,0
230,17,16,1
231,19,21,0
232,20,13,2
233,24,25,2
234,27,23,1
235,6,19,0
236,25,26,2
237,13,9,2
238,21,7,2
239,2,20,2
240,14,1,2
241,16,19,2
242,4,27,2
243,6,26,1
244,11,17,1
245,23,24,2
246,25,22,0
247,4,9,1
248,22,17,2
249,7,25,0
250,26,11,1
251,1,20,2
252,9,2,2
253,22,21,2
254,16,13,2
255,17,23,0
256,19,4,2
257,24,14,1
258,27,6,1
259,2,16,1
260,6,22,0
261,23,1,1
262,9,19,1
263,11,7,2
264,13,27,2
265,14,25,2
266,20,26,2
267,4,17,0
268,1,21,2
269,7,23,1
270,16,4,1
271,26,13,1
272,14,20,2
273,17,2,1
274,24,6,2
275,25,11,0
276,27,9,2
277,7,22,0
278,11,16,0
279,20,27,1
280,2,1,1
281,6,25,0
282,9,7,2
283,21,26,1
284,4,24,1
285,13,17,2
286,22,14,2
287,23,19,2
288,24,13,0
289,14,2,1
290,1,4,1
291,7,20,0
292,16,6,0
293,19,11,0
294,27,22,0
295,25,21,2
296,17,9,2
297,26,23,2
298,4,14,2
299,1,25,1
300,2,24,1
301,9,16,1
302,13,7,0
303,21,6,2
304,20,17,2
305,22,26,1
306,23,11,1
307,27,19,2
308,21,24,2
309,7,1,1
310,19,13,2
311,6,2,0
312,14,21,2
313,16,23,1
314,26,9,1
315,11,22,2
316,17,27,2
317,24,20,1
318,25,4,2
319,19,22,2
320,7,24,2
321,13,2,2
322,9,14,0
323,20,6,0
324,21,4,2
325,26,17,0
326,19,1,2
327,22,16,2
328,23,25,0
329,27,11,1
330,4,13,0
331,1,26,1
332,2,23,1
333,6,7,2
334,11,21,2
335,14,19,0
336,20,9,2
337,25,27,2
338,17,22,2
339,24,16,1
340,26,14,1
341,4,2,0
342,9,6,1
343,22,20,1
344,23,21,0
345,13,11,1
346,16,25,0
347,17,1,1
348,19,7,2
349,27,24,1
350,25,17,0
351,1,27,1
352,2,22,0
353,6,23,2
354,7,26,2
355,20,19,1
356,21,16,2
357,11,4,2
358,14,13,0
359,24,9,1
360,4,23,0
361,9,21,1
362,11,2,2
363,13,6,2
364,16,1,2
365,17,19,1
366,22,7,2
367,25,20,2
368,26,24,0
369,27,14,0
370,1,9,2
371,2,25,1
372,6,4,0
373,7,27,2
374,14,17,2
375,19,26,0
376,20,16,2
377,21,13,0
378,23,22,2
379,24,11,2
0,16,13,0
1,14,23,0
2,2,4,2
3,5,27,1
4,7,25,0
5,17,24,0
6,20,1,2
7,11,19,2
8,26,15,1
9,22,21,2
10,13,2,2
11,19,14,1
12,1,11,2
13,4,17,1
14,15,16,2
15,21,20,0
16,27,7,2
17,25,5,1
18,23,26,1
19,24,22,2
20,1,19,0
21,2,15,2
22,5,23,2
23,7,4,0
24,16,21,1
25,26,24,0
26,22,27,2
27,17,13,2
28,11,25,2
29,20,14,0
30,15,22,0
31,13,4,1
32,2,7,2
33,19,17,2
34,21,5,2
35,27,1,2
36,23,11,2
37,24,20,0
38,26,16,1
39,14,25,2
40,11,2,2
41,1,13,1
42,22,26,2
43,4,15,2
44,5,24,1
45,7,21,1
46,17,20,2
47,19,23,2
48,25,27,1
49,16,14,0
50,26,19,2
51,14,17,1
52,4,5,1
53,15,1,0
54,20,7,2
55,21,27,2
56,23,16,1
57,24,11,1
58,2,25,2
59,13,22,0
60,7,14,1
61,16,20,2
62,1,4,0
63,5,13,1
64,11,26,2
65,17,21,2
66,19,24,2
67,25,15,0
68,27,2,0
69,22,23,0
70,13,19,0
71,4,22,0
72,2,1,1
73,15,27,1
74,16,5,2
75,20,11,1
76,23,7,0
77,26,17,2
78,21,25,0
79,14,24,1
80,1,14,2
81,22,2,2
82,5,15,2
83,7,26,2
84,17,16,2
85,19,20,2
86,27,4,0
87,11,21,1
88,24,23,0
89,25,13,2
90,20,22,0
91,13,7,1
92,2,5,0
93,15,19,2
94,21,1,1
95,23,17,2
96,27,11,2
97,4,25,0
98,16,24,2
99,14,26,2
100,19,16,0
101,11,4,2
102,5,7,2
103,13,15,2
104,17,2,1
105,23,21,1
106,26,20,2
107,24,27,2
108,25,1,1
109,22,14,2
110,7,22,2
111,14,11,2
112,1,5,2
113,2,26,2
114,15,17,1
115,27,13,0
116,4,19,2
117,20,23,2
118,25,16,2
119,20,4,1
120,5,22,0
121,11,15,1
122,16,7,2
123,23,2,1
124,26,21,2
125,24,1,2
126,17,27,2
127,19,25,0
128,14,13,2
129,22,11,2
130,13,20,2
131,1,26,0
132,2,21,2
133,5,19,1
134,7,24,2
135,15,23,1
136,4,16,2
137,25,17,1
138,27,14,0
139,14,5,2
140,26,13,0
141,11,7,2
142,17,1,2
143,20,2,2
144,21,15,1
145,23,4,1
146,19,27,2
147,24,25,2
148,2,14,0
149,4,21,2
150,5,26,2
151,13,11,0
152,7,17,1
153,15,24,0
154,25,20,2
155,27,16,0
156,22,19,2
157,11,5,2
158,21,13,0
159,17,22,0
160,16,1,2
161,20,15,2
162,24,2,2
163,26,27,2
164,23,25,2
165,19,7,2
166,14,4,2
