Div,Date,Time,HomeTeam,AwayTeam,FTHG,FTAG,FTR,HTHG,HTAG,HTR,HS,AS,HST,AST,HF,AF,HC,AC,HY,AY,HR,AR,B365H,B365D,B365A,BWH,BWD,BWA,IWH,IWD,IWA,PSH,PSD,PSA,WHH,WHD,WHA,VCH,VCD,VCA,MaxH,MaxD,MaxA,AvgH,AvgD,AvgA,B365>2.5,B365<2.5,P>2.5,P<2.5,Max>2.5,Max<2.5,Avg>2.5,Avg<2.5,AHh,B365AHH,B365AHA,PAHH,PAHA,MaxAHH,MaxAHA,AvgAHH,AvgAHA,B365CH,B365CD,B365CA,BWCH,BWCD,BWCA,IWCH,IWCD,IWCA,PSCH,PSCD,PSCA,WHCH,WHCD,WHCA,VCCH,VCCD,VCCA,MaxCH,MaxCD,MaxCA,AvgCH,AvgCD,AvgCA,B365C>2.5,B365C<2.5,PC>2.5,PC<2.5,MaxC>2.5,MaxC<2.5,AvgC>2.5,AvgC<2.5,AHCh,B365CAHH,B365CAHA,PCAHH,PCAHA,MaxCAHH,MaxCAHA,AvgCAHH,AvgCAHA
F1,09/08/2019,19:45,Monaco,Lyon,0,3,A,0,2,A,7,13,1,3,10,17,2,5,2,2,1,0,3,3.3,2.37,2.85,3.3,2.4,2.9,3.35,2.45,2.95,3.57,2.43,2.8,3.5,2.4,2.9,3.4,2.5,3,3.6,2.52,2.89,3.4,2.43,1.9,1.9,1.91,1.99,1.97,1.99,1.9,1.9,0,2.07,1.72,2.16,1.78,2.17,1.82,2.1,1.77,3.5,3.4,2.05,3.3,3.5,2.15,3.4,3.55,2.1,3.37,3.65,2.19,3.2,3.4,2.2,3.5,3.6,2.1,3.5,3.66,2.36,3.33,3.51,2.15,1.8,2,1.83,2.07,1.9,2.15,1.81,2.01,0.25,2.04,1.86,2.01,1.9,2.06,2.01,2.01,1.87
F1,10/08/2019,16:30,Marseille,Reims,0,2,A,0,0,D,10,8,2,5,18,8,5,3,1,0,0,0,1.66,3.5,6,1.62,3.6,5.75,1.65,3.75,5.6,1.65,3.82,6.06,1.63,3.6,5.8,1.65,3.8,6,1.71,3.85,6.4,1.65,3.71,5.67,2,1.8,2.06,1.84,2.14,1.84,2.07,1.76,-0.75,1.87,2.03,1.87,2.05,1.89,2.08,1.86,2.02,1.66,3.4,6,1.67,3.6,5.75,1.73,3.6,5.1,1.78,3.39,5.7,1.7,3.5,5.25,1.73,3.6,5.5,1.8,3.7,6.15,1.73,3.49,5.45,2.1,1.72,2.16,1.76,2.24,1.81,2.08,1.75,-0.75,2.02,1.88,2.05,1.87,2.06,1.97,1.98,1.89
F1,10/08/2019,19:00,Angers,Bordeaux,3,1,H,3,1,H,14,8,4,3,11,15,4,3,2,1,0,0,2.37,3.1,3.2,2.35,3.1,3.1,2.35,3.1,3.3,2.34,3.29,3.35,2.35,3.1,3.2,2.4,3.13,3.3,2.47,3.29,3.37,2.35,3.14,3.24,2.5,1.53,2.47,1.6,2.52,1.6,2.42,1.56,-0.25,2.02,1.88,2.01,1.91,2.05,1.91,2,1.87,2.05,3.2,3.8,2.05,3.2,4,2.05,3.1,4.1,2.1,3.24,4.08,2,3.2,4,2.1,3.13,4.1,2.14,3.3,4.2,2.08,3.16,3.96,2.5,1.53,2.67,1.52,2.72,1.56,2.59,1.49,-0.25,1.75,2.05,1.79,2.15,1.8,2.17,1.77,2.11
F1,10/08/2019,19:00,Brest,Toulouse,1,1,D,1,0,H,16,13,5,3,11,14,4,7,0,0,0,0,2.37,3.2,3.1,2.4,3.1,3,2.4,3.2,3.1,2.42,3.33,3.17,2.3,3.3,3.1,2.38,3.25,3.2,2.46,3.42,3.22,2.38,3.23,3.09,2.1,1.72,2.17,1.76,2.2,1.76,2.14,1.71,-0.25,2.05,1.85,2.07,1.85,2.1,1.88,2.04,1.83,2,3.3,3.8,2.05,3.4,3.75,2.05,3.35,3.75,2.1,3.44,3.81,2.05,3.3,3.75,2.1,3.3,3.8,2.16,3.48,3.92,2.08,3.35,3.69,2,1.8,2.09,1.81,2.13,1.83,2.06,1.77,-0.5,2.1,1.8,2.1,1.83,2.12,1.83,2.08,1.79
F1,10/08/2019,19:00,Dijon,St Etienne,1,2,A,1,2,A,15,12,7,4,17,10,12,5,0,2,0,0,4,3.2,2.05,3.6,3.25,2.05,3.55,3.35,2.1,3.69,3.46,2.13,3.6,3.3,2.1,3.7,3.4,2.1,4,3.46,2.2,3.57,3.34,2.11,2,1.8,2.08,1.82,2.16,1.83,2.05,1.77,0.25,2.07,1.83,2.09,1.83,2.11,1.86,2.05,1.82,3.8,3.4,2,3.7,3.4,2.05,3.75,3.4,2.05,3.84,3.47,2.08,3.75,3.4,2,3.9,3.4,2.05,3.92,3.48,2.14,3.73,3.37,2.06,2,1.8,2.04,1.85,2.1,1.92,2.03,1.79,0.25,2.07,1.72,2.14,1.79,2.16,1.82,2.09,1.79
F1,10/08/2019,19:00,Montpellier,Rennes,0,1,A,0,1,A,24,9,5,3,20,19,7,1,3,3,0,1,2.25,3.1,3.5,2.3,3.1,3.2,2.3,3.15,3.35,2.32,3.28,3.4,2.25,3.2,3.25,2.3,3.2,3.4,2.37,3.35,3.5,2.3,3.18,3.3,2.3,1.61,2.34,1.66,2.35,1.67,2.28,1.62,-0.25,1.97,1.93,1.99,1.93,2.01,1.94,1.97,1.9,2.2,3.2,3.5,2.2,3.2,3.5,2.25,3.2,3.4,2.29,3.26,3.49,2.2,3.2,3.4,2.25,3.2,3.5,2.36,3.37,3.88,2.25,3.2,3.42,2.3,1.61,2.34,1.66,2.35,1.7,2.28,1.63,-0.25,1.94,1.96,1.96,1.96,1.97,2.02,1.93,1.94
F1,10/08/2019,19:00,Nice,Amiens,2,1,H,1,0,H,17,8,6,2,10,8,7,3,3,4,0,1,2.2,3,3.8,2.1,3,3.8,2.2,2.9,3.95,2.2,3.01,4.11,2.15,3,3.9,2.15,3.1,3.9,2.24,3.1,4.15,2.18,2.98,3.87,2.5,1.53,2.71,1.51,2.71,1.54,2.56,1.5,-0.25,1.86,2.04,1.85,2.07,1.88,2.07,1.84,2.02,2.25,3,3.75,2.3,2.95,3.6,2.3,2.95,3.55,2.36,3.01,3.64,2.3,2.9,3.6,2.3,3,3.6,2.38,3.08,3.8,2.31,2.96,3.57,2.75,1.44,2.78,1.48,2.78,1.56,2.62,1.48,-0.25,1.98,1.92,1.99,1.93,2,1.95,1.96,1.91
F1,11/08/2019,14:00,Lille,Nantes,2,1,H,1,0,H,13,13,3,3,13,17,5,11,2,4,0,0,1.95,3.3,4.2,1.85,3.25,4.5,1.95,3.25,4.35,1.99,3.14,4.84,1.91,3.2,4.5,1.95,3.3,4.5,2,3.33,4.85,1.95,3.19,4.43,2.37,1.57,2.46,1.6,2.46,1.63,2.35,1.58,-0.5,1.98,1.92,2.01,1.91,2.01,1.97,1.96,1.9,2.3,3.1,3.25,2.35,3,3.4,2.35,3.05,3.3,2.42,3.03,3.5,2.3,3,3.4,2.3,3.13,3.5,2.42,3.2,3.64,2.32,3.04,3.45,2.37,1.57,2.45,1.6,2.46,1.66,2.37,1.58,-0.25,1.98,1.92,2.04,1.88,2.04,2.06,1.96,1.91
F1,11/08/2019,16:00,Strasbourg,Metz,1,1,D,1,0,H,13,7,2,3,6,12,3,4,0,1,0,0,2.05,3.2,4,2.05,3.25,3.6,2.05,3.25,3.95,2.07,3.3,4.11,2,3.2,4,2.05,3.3,4,2.1,3.37,4.15,2.05,3.23,3.9,2.3,1.61,2.35,1.65,2.37,1.66,2.29,1.61,-0.5,2.07,1.83,2.07,1.85,2.09,1.85,2.05,1.82,2.2,3.1,3.5,2.15,3,3.9,2.2,3.05,3.8,2.33,3,3.74,2.2,3,3.7,2.3,3,3.7,2.35,3.26,3.92,2.22,3,3.75,2.75,1.44,2.87,1.46,2.87,1.52,2.67,1.46,-0.25,1.94,1.96,1.97,1.95,1.97,2.04,1.91,1.97
F1,11/08/2019,20:00,Paris SG,Nimes,3,0,H,1,0,H,12,5,5,1,17,8,2,6,2,0,0,0,1.1,10,23,1.1,9,21,1.11,9.3,22,1.1,10.78,28.65,1.08,10,26,1.1,10,31,1.13,11.25,31,1.1,9.77,23.32,1.3,3.5,1.33,3.43,1.34,3.6,1.31,3.4,-2.5,1.95,1.95,1.93,1.98,1.97,1.99,1.92,1.94,1.07,11,29,1.07,12,31,1.1,9.1,28,1.08,12.97,31.01,1.06,12,29,1.06,12,51,1.1,13.75,51,1.08,11.68,28.91,1.22,4.33,1.24,4.22,1.25,4.5,1.22,4.13,-3,2.02,1.77,2.08,1.82,2.3,1.95,2.09,1.79
F1,16/08/2019,19:45,Lyon,Angers,6,0,H,3,0,H,11,10,9,3,7,14,2,5,1,2,0,0,1.5,4.33,6,1.48,4.5,6.5,1.45,4.4,7.2,1.51,4.51,6.74,1.47,4.33,6.5,1.5,4.5,6.5,1.55,4.65,7.2,1.5,4.45,6.4,1.57,2.37,1.63,2.4,1.65,2.43,1.6,2.34,-1,1.86,2.07,1.82,2.1,1.86,2.13,1.81,2.06,1.45,4.33,7,1.48,4.5,6.5,1.45,4.4,7.2,1.52,4.62,6.6,1.44,4.33,7.5,1.5,4.5,6.5,1.53,4.75,7.5,1.48,4.49,6.63,1.66,2.2,1.65,2.36,1.7,2.43,1.62,2.3,-1,1.87,2.06,1.86,2.06,1.88,2.16,1.8,2.07
F1,17/08/2019,16:30,Nantes,Marseille,0,0,D,0,0,D,13,9,6,2,16,18,7,3,0,3,0,0,2.6,3.1,2.9,2.6,3.2,2.8,2.55,3.2,2.85,2.62,3.16,3.01,2.5,3.2,2.88,2.55,3.2,3,2.75,3.34,3.01,2.58,3.16,2.88,2.1,1.72,2.16,1.76,2.2,1.79,2.11,1.73,0,1.84,2.09,1.82,2.1,1.85,2.1,1.82,2.06,2.4,3.1,3.1,2.55,3.2,2.9,2.45,3.2,3,2.53,3.19,3.12,2.4,3.2,3,2.55,3.2,3,2.59,3.32,3.17,2.48,3.16,3.03,2.2,1.66,2.26,1.7,2.35,1.76,2.18,1.69,-0.25,2.14,1.8,2.15,1.79,2.2,1.81,2.12,1.77
F1,17/08/2019,19:00,Amiens,Lille,1,0,H,0,0,D,8,10,3,1,13,7,3,10,1,1,0,1,3.3,3.1,2.37,3.4,3.1,2.3,3.3,3.05,2.35,3.3,3.15,2.44,3.2,3.1,2.35,3.3,3,2.45,3.45,3.24,2.45,3.25,3.09,2.38,2.5,1.53,2.58,1.55,2.62,1.56,2.52,1.52,0.25,1.86,2.07,1.85,2.07,1.87,2.08,1.83,2.04,3.3,3.1,2.37,3.4,3.1,2.3,3.25,3.05,2.4,3.3,3.15,2.44,3.2,3.1,2.35,3.3,3.13,2.4,3.45,3.28,2.47,3.29,3.11,2.36,2.37,1.57,2.48,1.59,2.57,1.61,2.43,1.55,0.25,1.88,2.05,1.85,2.07,1.93,2.11,1.85,2.02
F1,17/08/2019,19:00,Bordeaux,Montpellier,1,1,D,0,1,A,13,10,4,4,15,21,3,5,2,1,0,0,2.62,3,3,2.8,2.9,2.85,2.7,3,2.9,2.79,3,2.96,2.62,3,2.88,2.7,3,3,2.85,3.16,3.03,2.7,2.98,2.9,2.5,1.53,2.62,1.54,2.63,1.56,2.52,1.52,0,1.88,2.05,1.9,2.02,1.9,2.07,1.86,2.02,2.55,3,3.1,2.65,2.95,3,2.6,2.95,3,2.65,2.99,3.15,2.55,2.9,3.1,2.6,3,3.1,2.73,3.05,3.25,2.61,2.94,3.06,2.62,1.5,2.74,1.5,2.74,1.54,2.59,1.49,0,1.78,2.16,1.79,2.14,1.85,2.21,1.78,2.11
F1,17/08/2019,19:00,Metz,Monaco,3,0,H,1,0,H,18,12,10,6,16,7,6,4,1,2,0,1,3,3.2,2.5,3.1,3.1,2.5,2.95,3.05,2.55,3.05,3.15,2.6,3,3.1,2.5,3,3.1,2.6,3.1,3.24,2.69,2.98,3.1,2.55,2.37,1.57,2.5,1.58,2.5,1.62,2.4,1.56,0,2.11,1.82,2.12,1.81,2.13,1.83,2.08,1.8,3.1,3.2,2.4,3,3.2,2.5,3.1,3.05,2.5,3.19,3.19,2.48,3,3.2,2.4,3.13,3.13,2.5,3.19,3.28,2.6,3.07,3.13,2.47,2.37,1.57,2.44,1.61,2.47,1.64,2.37,1.58,0.25,1.81,2.13,1.81,2.11,1.81,2.16,1.78,2.11
F1,17/08/2019,19:00,Nimes,Nice,1,2,A,1,2,A,18,6,5,3,21,12,2,1,5,5,2,1,2.1,3.3,3.6,2.2,3.25,3.5,2.15,3.3,3.5,2.15,3.45,3.63,2.1,3.4,3.4,2.2,3.3,3.5,2.3,3.54,3.63,2.16,3.33,3.46,2,1.8,2.11,1.8,2.14,1.81,2.07,1.76,-0.25,1.9,2.03,1.85,2.06,1.9,2.06,1.87,2.01,2,3.4,3.8,2.1,3.3,3.7,2.1,3.35,3.65,2.11,3.45,3.76,2.05,3.3,3.75,2.05,3.4,3.9,2.15,3.5,3.9,2.08,3.36,3.7,2.1,1.72,2.18,1.75,2.24,1.78,2.13,1.72,-0.25,1.81,2.13,1.81,2.11,1.83,2.13,1.8,2.09
F1,17/08/2019,19:00,Toulouse,Dijon,1,0,H,0,0,D,18,18,7,5,11,5,7,5,2,0,0,0,2.1,3.1,4,1.95,3.5,3.9,2,3.45,3.85,2.02,3.49,4.03,1.95,3.4,3.9,2,3.4,4.1,2.1,3.58,4.1,2,3.42,3.87,2.1,1.72,2.19,1.74,2.19,1.81,2.09,1.75,-0.5,2.05,1.88,2.02,1.89,2.06,1.89,2,1.86,1.9,3.5,4.1,2,3.3,3.9,2,3.4,3.9,2.02,3.5,4.04,1.95,3.4,4,2,3.4,4,2.07,3.58,4.2,1.99,3.42,3.93,2,1.8,2.08,1.82,2.24,1.83,2.05,1.78,-0.5,2.02,1.91,2.02,1.9,2.02,1.92,1.99,1.88
F1,18/08/2019,14:00,St Etienne,Brest,1,1,D,0,1,A,19,9,5,4,16,8,4,2,1,2,0,0,1.61,3.75,6,1.62,4,5.5,1.65,3.95,5.3,1.63,3.99,5.94,1.6,3.8,5.8,1.62,4,5.75,1.67,4,6,1.63,3.9,5.49,1.8,2,1.83,2.06,1.87,2.06,1.81,2,-1,2.05,1.75,2.17,1.77,2.18,1.81,2.13,1.76,1.6,3.8,6,1.6,4,5.75,1.67,3.9,5.2,1.64,3.91,6.05,1.57,3.75,6.5,1.62,4,5.75,1.67,4.05,6.8,1.62,3.89,5.73,1.8,2,1.83,2.06,1.86,2.22,1.8,2.02,-1,2.05,1.75,2.16,1.78,2.2,1.92,2.1,1.78
F1,18/08/2019,16:00,Reims,Strasbourg,0,0,D,0,0,D,11,4,1,1,18,19,2,4,2,0,0,0,2,3.2,4,2,3.3,4,2.05,3.15,4,2.07,3.21,4.25,2,3.25,4,2.05,3.2,4.2,2.09,3.4,4.25,2.04,3.22,4,2.5,1.53,2.47,1.6,2.5,1.6,2.42,1.56,-0.5,2.08,1.85,2.07,1.85,2.08,1.85,2.04,1.82,2.1,3.2,3.8,2.05,3.2,4,2.05,3.15,4,2.12,3.09,4.25,2.05,3.1,4,2.05,3.2,4.2,2.15,3.28,4.25,2.08,3.14,4.02,2.5,1.53,2.7,1.51,2.7,1.6,2.46,1.54,-0.5,2.11,1.82,2.12,1.8,2.12,1.84,2.08,1.8
F1,18/08/2019,20:00,Rennes,Paris SG,2,1,H,1,1,D,11,9,4,2,15,19,4,7,1,5,0,0,8,5.25,1.36,7.75,5.75,1.34,7.5,5.4,1.36,7.57,5.61,1.38,9,5.25,1.32,9.5,5.5,1.33,9.5,5.75,1.42,7.83,5.35,1.36,1.44,2.75,,,1.45,3,1.42,2.8,1.5,1.94,1.99,1.92,2,1.94,2,1.89,1.97,8,5.25,1.36,8,5.5,1.35,8,5.3,1.35,8.36,5.28,1.39,8.5,5,1.35,9,5.2,1.36,9,5.5,1.4,7.92,5.22,1.37,1.53,2.5,1.6,2.46,1.6,2.75,1.52,2.51,1.5,1.84,2.09,1.83,2.09,1.95,2.09,1.83,2.03
F1,24/08/2019,19:00,Amiens,Nantes,1,2,A,0,0,D,3,25,1,6,9,13,2,5,1,1,1,0,2.6,3.1,2.8,2.7,2.95,2.75,2.7,2.95,2.95,2.77,3.09,2.91,2.7,3,2.8,2.75,3,2.9,2.85,3.12,2.95,2.7,3,2.86,2.62,1.5,2.77,1.49,2.77,1.51,2.66,1.47,0,1.89,2.04,1.91,2.01,1.92,2.04,1.88,2,2.75,3.1,2.7,2.7,3,2.85,2.85,2.95,2.8,2.87,3.01,2.87,2.75,3,2.75,2.88,3,2.8,2.92,3.18,2.99,2.8,2.98,2.79,2.62,1.5,2.79,1.48,2.88,1.5,2.7,1.46,0,1.98,1.95,1.96,1.96,1.99,1.96,1.94,1.93
F1,24/08/2019,19:00,Angers,Metz,3,0,H,2,0,H,15,4,5,2,15,8,2,1,1,2,0,0,2.1,3.25,3.75,2,3.2,3.9,2.1,3.2,3.8,2.18,3.2,3.88,2.1,3.2,3.7,2.15,3.2,3.8,2.2,3.29,4.3,2.12,3.18,3.78,2.37,1.57,2.49,1.59,2.49,1.62,2.38,1.58,-0.25,1.85,2.08,1.85,2.07,1.85,2.1,1.82,2.05,2.1,3.2,3.6,2.1,3.2,3.9,2.15,3.1,3.85,2.17,3.16,3.96,2.1,3.1,3.9,2.15,3.1,4,2.22,3.3,4.1,2.13,3.11,3.85,2.62,1.5,2.79,1.48,2.79,1.6,2.59,1.5,-0.25,1.84,2.09,1.84,2.08,1.85,2.13,1.82,2.06
F1,24/08/2019,19:00,Brest,Reims,1,0,H,0,0,D,8,10,4,2,18,14,6,5,1,1,0,0,2.7,3,2.87,2.65,2.95,2.8,2.7,3.05,2.85,2.71,3.13,2.93,2.6,3.1,2.8,2.7,3.1,2.9,2.77,3.24,2.94,2.67,3.05,2.85,2.37,1.57,2.46,1.6,2.47,1.62,2.38,1.58,0,1.9,2.03,1.88,2.04,1.9,2.04,1.87,2,2.6,3,3,2.7,3,2.9,2.65,3.05,2.9,2.7,3.1,2.98,2.6,3,2.9,2.7,3,3,2.77,3.16,3.06,2.65,3.04,2.9,2.37,1.57,2.44,1.61,2.47,1.62,2.38,1.57,0,1.87,2.06,1.86,2.06,1.88,2.07,1.85,2.02
F1,24/08/2019,19:00,Dijon,Bordeaux,0,2,A,0,1,A,10,10,1,3,12,18,3,7,0,2,0,0,2.62,3.1,2.8,2.55,3.1,2.8,2.65,3.15,2.8,2.71,3.36,2.75,2.62,3.2,2.7,2.7,3.2,2.8,2.74,3.36,2.86,2.64,3.21,2.76,2.2,1.66,2.29,1.68,2.33,1.7,2.24,1.65,0,1.92,2.01,1.94,1.97,1.94,2.02,1.89,1.98,3,3.1,2.55,2.8,3.1,2.7,2.95,3,2.65,3,3.1,2.68,3,3,2.55,3.1,3,2.63,3.1,3.25,2.77,2.92,3.05,2.64,2.5,1.53,2.61,1.54,2.69,1.73,2.52,1.52,0,2.09,1.84,2.07,1.85,2.1,2.01,2.03,1.85
F1,25/08/2019,14:00,Monaco,Nimes,2,2,D,2,0,H,16,14,6,4,14,17,6,7,2,1,1,0,1.6,3.8,6,1.6,3.8,5.5,1.63,4,5.3,1.63,4.23,5.47,1.6,4,5.5,1.6,4.1,6,1.66,4.3,6,1.62,4,5.42,1.8,2,1.86,2.04,1.89,2.05,1.84,1.97,-1,2.02,1.77,2.18,1.76,2.18,1.83,2.11,1.77,1.65,3.75,5.75,1.62,4,5.5,1.63,4,5.4,1.67,3.95,5.56,1.6,3.75,6,1.65,3.9,5.75,1.68,4.1,6.5,1.64,3.89,5.49,1.9,1.9,1.93,1.97,1.96,2.05,1.88,1.93,-0.75,1.86,2.07,1.88,2.04,1.88,2.15,1.84,2.04
F1,25/08/2019,16:00,Strasbourg,Rennes,0,2,A,0,1,A,19,7,3,4,13,13,6,0,4,2,1,0,2.75,3.1,2.7,2.65,3.1,2.7,2.65,3.1,2.8,2.73,3.16,2.89,2.62,3.2,2.75,2.7,3.13,2.88,2.85,3.28,2.92,2.67,3.1,2.81,2.3,1.61,2.43,1.61,2.43,1.67,2.31,1.62,0,1.9,2.03,1.9,2.02,1.91,2.04,1.87,2,2.8,3,2.7,2.7,3,2.9,2.8,3.2,2.6,2.87,3.16,2.74,2.8,2.9,2.8,2.9,3,2.75,3.2,3.2,2.9,2.8,3.04,2.74,2.3,1.61,2.38,1.64,2.55,1.64,2.39,1.58,0,2.01,1.92,2,1.92,2.04,2.01,1.96,1.91
F1,25/08/2019,20:00,Paris SG,Toulouse,4,0,H,0,0,D,21,3,11,0,8,13,12,1,0,1,0,0,1.1,10,21,1.1,9,21,1.11,9.8,21,1.12,10.69,22.86,1.1,10,23,1.06,11,41,1.13,11.25,41,1.1,10.12,22.7,1.25,4,1.23,4.45,1.26,4.45,1.24,3.93,-2.75,2.01,1.92,2.03,1.89,2.08,1.93,2,1.87,1.1,10,23,1.1,10,23,1.12,9,20,1.1,12.04,25.7,1.07,11,29,1.07,11.5,34,1.13,12.5,34,1.1,10.68,23.77,1.22,4.33,1.23,4.5,1.25,4.56,1.22,4.15,-2.75,1.99,1.94,1.99,1.93,2.03,2,1.97,1.91
F1,27/08/2019,18:00,Montpellier,Lyon,1,0,H,1,0,H,19,14,5,4,14,11,8,2,2,4,0,1,3.6,3.4,2.05,3.5,3.4,2.05,3.6,3.5,2.05,3.7,3.6,2.08,3.6,3.4,2.05,3.6,3.5,2.1,3.75,3.6,2.12,3.56,3.47,2.07,1.9,1.9,1.93,1.98,1.96,1.98,1.89,1.91,0.25,2.05,1.75,2.13,1.79,2.14,1.84,2.09,1.78,4,3.4,1.8,4.1,3.7,1.87,4,3.6,1.9,3.99,3.65,1.99,3.9,3.6,1.91,4,3.6,1.95,4.68,3.7,1.99,3.95,3.61,1.92,1.8,2,1.93,1.97,1.99,2.11,1.83,1.98,0.5,1.97,1.96,1.93,1.99,1.97,2.01,1.93,1.95
F1,28/08/2019,18:00,Lille,St Etienne,3,0,H,1,0,H,16,9,7,4,9,12,3,3,0,0,0,0,2.2,3.2,3.4,2.15,3.25,3.4,2.25,3.4,3.2,2.27,3.48,3.3,2.2,3.4,3.2,2.3,3.4,3.25,2.3,3.54,3.45,2.24,3.35,3.25,2,1.8,2.02,1.88,2.05,1.89,1.97,1.83,-0.25,2,1.93,1.97,1.95,2,1.96,1.95,1.92,2.05,3.4,3.6,2.15,3.3,3.5,2.1,3.4,3.5,2.16,3.43,3.63,2.05,3.3,3.7,2.15,3.4,3.6,2.19,3.48,4.06,2.13,3.37,3.53,2,1.8,2.07,1.83,2.08,1.94,2,1.81,-0.25,1.88,2.05,1.86,2.06,1.88,2.14,1.85,2.03
F1,28/08/2019,20:00,Nice,Marseille,1,2,A,0,1,A,12,12,3,5,7,13,4,3,1,1,0,0,3,3.2,2.4,3,3.3,2.3,3,3.25,2.45,3.1,3.26,2.5,3,3.3,2.38,3.1,3.25,2.45,3.1,3.44,2.53,3,3.22,2.44,2.1,1.72,2.15,1.75,2.2,1.79,2.09,1.73,0.25,1.81,2.13,1.79,2.13,1.81,2.14,1.78,2.1,3.4,3.2,2.2,3.25,3.2,2.3,3.45,3.1,2.3,3.57,3.28,2.25,3.5,3.1,2.2,3.6,3.13,2.25,3.64,3.29,2.38,3.44,3.18,2.25,2.5,1.53,2.55,1.56,2.55,1.6,2.44,1.55,0.25,2.02,1.91,1.99,1.93,2.06,1.96,1.97,1.9
F1,30/08/2019,19:45,Metz,Paris SG,0,2,A,0,2,A,7,10,2,4,11,13,4,7,1,0,0,0,7.5,4.75,1.4,7,4.75,1.44,7,4.5,1.45,7.62,4.81,1.44,8,4.6,1.4,8,4.6,1.44,8.2,4.85,1.46,7.6,4.65,1.43,1.8,2,1.82,2.09,1.82,2.21,1.75,2.09,1.25,1.88,2.05,1.92,2,1.93,2.07,1.88,2,6,4.5,1.5,7.5,4.5,1.44,7,4.5,1.45,6.55,4.51,1.52,6.5,4.33,1.47,7,4.33,1.5,7.5,4.6,1.53,6.64,4.38,1.49,1.8,2,1.8,2.11,1.82,2.26,1.75,2.08,1,2.04,1.89,2.03,1.89,2.11,1.9,2.03,1.84
F1,31/08/2019,16:30,Lyon,Bordeaux,1,1,D,1,0,H,10,18,3,6,12,14,4,5,4,3,1,0,1.36,5,8.5,1.36,5,8.5,1.4,4.8,7.5,1.39,5.08,8.61,1.36,4.75,8.5,1.4,5,8.5,1.43,5.2,8.8,1.39,4.88,8.01,1.61,2.3,1.62,2.42,1.63,2.43,1.6,2.33,-1.25,1.91,2.02,1.88,2.03,1.91,2.03,1.87,1.99,1.5,4.2,6.5,1.55,3.9,6.75,1.53,4.1,6.3,1.55,4.08,6.97,1.52,4,6.5,1.53,4.2,6.5,1.6,4.3,7,1.54,4.03,6.47,1.8,2,1.86,2.04,1.9,2.07,1.8,2.01,-1,1.98,1.95,1.98,1.94,2.02,1.98,1.94,1.92
F1,31/08/2019,19:00,Angers,Dijon,2,0,H,0,0,D,12,5,3,2,11,17,5,3,0,2,0,0,1.7,3.6,5,1.7,3.75,5.25,1.7,3.65,5.1,1.71,3.93,5.18,1.7,3.75,5,1.7,3.7,5.5,1.75,3.93,5.5,1.71,3.74,5.04,2.1,1.72,2.18,1.75,2.18,1.81,2.1,1.74,-0.75,1.97,1.96,1.97,1.95,1.98,1.97,1.94,1.93,1.61,3.75,5.5,1.67,3.7,5.5,1.7,3.65,5.2,1.7,3.88,5.39,1.65,3.7,5.5,1.67,3.75,5.75,1.71,3.94,6.75,1.67,3.75,5.35,2,1.8,2.16,1.76,2.24,1.8,2.08,1.75,-0.75,1.92,2.01,1.94,1.98,1.95,2.01,1.9,1.97
F1,31/08/2019,19:00,Nantes,Montpellier,1,0,H,0,0,D,14,8,7,1,14,12,6,2,2,2,0,0,2.1,3.1,3.75,2.2,3.1,3.6,2.2,3.1,3.55,2.29,3.07,3.73,2.2,3,3.7,2.2,3.13,3.75,2.3,3.22,3.8,2.23,3.1,3.57,2.37,1.57,2.48,1.59,2.49,1.62,2.38,1.58,-0.25,1.92,2.01,1.94,1.98,1.94,2.02,1.9,1.97,2.5,3.1,3.1,2.45,3.1,3.1,2.55,3.05,3,2.64,3.08,3.06,2.5,3,3.1,2.55,3.1,3.1,2.64,3.14,3.25,2.52,3.04,3.07,2.5,1.53,2.53,1.57,2.53,1.61,2.4,1.57,-0.25,2.17,1.77,2.23,1.73,2.23,1.8,2.14,1.75
F1,31/08/2019,19:00,Nimes,Brest,3,0,H,2,0,H,21,7,8,3,11,17,8,2,3,4,0,0,2,3.25,4.2,2.05,3.3,3.8,2.05,3.3,3.7,2.11,3.41,3.82,2.05,3.3,3.7,2.1,3.4,3.7,2.16,3.46,4.2,2.08,3.32,3.71,1.9,1.9,1.92,1.98,1.98,1.98,1.91,1.9,-0.25,1.83,2.1,1.81,2.12,1.84,2.14,1.8,2.08,2.1,3.25,3.75,2,3.3,4,2,3.3,4.05,2,3.45,4.2,2,3.25,3.9,1.95,3.4,4.2,2.14,3.47,4.25,2,3.33,4.01,2,1.8,1.99,1.91,2.13,1.91,1.97,1.84,-0.5,1.98,1.95,2,1.92,2.1,1.95,1.99,1.88
F1,31/08/2019,19:00,Toulouse,Amiens,2,0,H,0,0,D,13,10,4,1,15,8,4,3,0,1,0,0,2.05,3,4.2,2.15,3.1,3.8,2.15,3.1,3.75,2.17,3.22,3.87,2.1,3.2,3.7,2.15,3.2,3.8,2.2,3.3,4.2,2.14,3.15,3.75,2.5,1.53,2.46,1.6,2.55,1.6,2.45,1.55,-0.25,1.85,2.08,1.85,2.07,1.85,2.09,1.83,2.05,2.3,3,3.5,2.3,3,3.5,2.3,3.2,3.3,2.32,3.16,3.55,2.2,3.2,3.4,2.3,3.25,3.3,2.38,3.34,3.61,2.31,3.13,3.38,2.1,1.72,2.2,1.74,2.28,1.75,2.17,1.69,-0.25,1.99,1.94,1.97,1.95,2.02,1.95,1.97,1.9
F1,01/09/2019,14:00,Reims,Lille,2,0,H,0,0,D,12,11,5,3,19,15,5,1,3,2,0,1,2.87,2.87,2.8,2.9,2.95,2.7,2.85,2.95,2.7,2.95,3.01,2.79,2.8,3,2.7,2.9,3,2.75,2.98,3.13,2.8,2.88,2.98,2.71,2.62,1.5,2.8,1.48,2.8,1.53,2.64,1.48,0,2.01,1.92,2.02,1.9,2.04,1.93,2,1.88,3,2.87,2.7,3,2.95,2.65,2.9,3,2.7,2.98,3,2.77,3,2.9,2.6,3,3,2.7,3.08,3.1,2.78,2.95,2.96,2.68,2.62,1.5,2.79,1.48,2.8,1.54,2.59,1.49,0,2.04,1.89,2.03,1.88,2.05,1.91,2.01,1.86
F1,01/09/2019,14:00,Rennes,Nice,1,2,A,1,0,H,11,11,3,7,13,13,8,6,2,3,0,0,1.72,3.5,5.5,1.7,3.6,5.5,1.7,3.55,5.5,1.72,3.59,5.81,1.67,3.6,5.5,1.73,3.5,5.75,1.76,3.7,5.85,1.71,3.56,5.42,2.3,1.61,2.39,1.63,2.39,1.67,2.31,1.61,-0.75,2.01,1.92,1.99,1.93,2.02,1.96,1.96,1.91,1.7,3.5,5.25,1.78,3.4,5.25,1.75,3.6,4.9,1.74,3.66,5.43,1.73,3.5,5,1.75,3.6,5.25,1.8,3.7,5.5,1.76,3.51,5.1,2,1.8,2.05,1.85,2.2,1.9,2.08,1.75,-0.75,2.02,1.91,2,1.92,2.03,1.92,2,1.87
F1,01/09/2019,16:00,Strasbourg,Monaco,2,2,D,1,2,A,14,16,5,6,14,17,6,4,4,3,0,0,2.7,3.2,2.75,2.65,3.2,2.8,2.65,3.2,2.75,2.7,3.25,2.85,2.6,3.2,2.75,2.7,3.2,2.8,2.72,3.32,2.9,2.64,3.21,2.77,2.2,1.66,2.25,1.7,2.25,1.75,2.15,1.7,0,1.93,2,1.9,2.02,1.94,2.02,1.89,1.98,2.45,3.2,3,2.6,3.2,2.8,2.7,3.2,2.7,2.51,3.27,3.08,2.5,3.2,2.88,2.5,3.25,3,2.75,3.34,3.1,2.51,3.21,2.94,2,1.8,2.11,1.79,2.14,1.81,2.07,1.76,-0.25,2.13,1.81,2.14,1.79,2.2,1.82,2.12,1.77
F1,01/09/2019,20:00,Marseille,St Etienne,1,0,H,1,0,H,9,12,2,3,16,7,5,6,5,2,0,0,2.05,3.5,3.6,1.95,3.5,3.9,2,3.5,3.8,2.01,3.57,4.01,1.95,3.4,3.9,2,3.5,3.9,2.05,3.65,4.05,1.99,3.5,3.82,1.9,1.9,1.95,1.95,1.98,1.95,1.91,1.9,-0.5,2.02,1.91,2.01,1.91,2.03,1.93,1.99,1.88,1.8,3.75,4.5,1.87,3.5,4.4,1.85,3.6,4.3,1.84,3.51,4.96,1.78,3.6,4.6,1.8,3.7,4.6,1.91,3.8,4.96,1.83,3.55,4.53,1.9,1.9,2.01,1.88,2.06,1.95,1.93,1.87,-0.75,2.02,1.77,2.13,1.79,2.19,1.85,2.1,1.78
F1,13/09/2019,18:00,Lille,Angers,2,1,H,1,0,H,13,8,4,4,3,16,4,4,1,2,0,0,1.95,3.2,4.5,1.91,3.3,4.4,1.97,3.4,4,1.99,3.33,4.47,1.91,3.25,4.33,1.93,3.3,4.2,2.03,3.4,4.5,1.96,3.3,4.27,2.2,1.66,2.24,1.71,2.3,1.73,2.2,1.67,-0.5,1.99,1.94,1.98,1.93,2.01,1.95,1.97,1.9,1.95,3.4,4,1.91,3.3,4.4,2,3.3,4,1.93,3.4,4.64,1.91,3.3,4.33,1.87,3.4,4.3,2,3.5,4.7,1.91,3.37,4.35,2.2,1.66,2.25,1.7,2.26,1.83,2.13,1.72,-0.5,1.92,2.01,1.93,1.99,2,2.02,1.91,1.96
F1,13/09/2019,19:45,Amiens,Lyon,2,2,D,1,2,A,11,12,2,6,12,14,4,1,3,2,0,0,5,3.75,1.72,5,3.75,1.72,4.5,3.6,1.8,5.18,3.77,1.75,5.25,3.7,1.67,5.4,3.75,1.65,5.45,3.95,1.8,5.07,3.74,1.71,1.9,1.9,1.97,1.93,1.99,1.95,1.93,1.88,0.75,1.97,1.96,1.95,1.97,1.97,1.97,1.94,1.93,4.2,3.5,1.9,4.25,3.5,1.9,4.5,3.6,1.8,4.32,3.55,1.94,4,3.5,1.91,3.9,3.5,1.93,4.5,3.6,1.98,4.11,3.5,1.92,1.9,1.9,1.98,1.93,1.98,2.05,1.92,1.89,0.5,1.97,1.96,1.98,1.94,2,1.97,1.94,1.93
F1,14/09/2019,16:30,Paris SG,Strasbourg,1,0,H,0,0,D,16,6,7,3,12,12,5,2,2,2,0,0,1.2,7,13,1.2,7,14,1.17,7.5,15,1.21,7.54,13.41,1.18,7,15,1.18,7,15,1.22,7.7,17,1.2,7.14,13.3,1.44,2.75,1.46,2.86,1.52,2.86,1.46,2.7,-2,2.01,1.92,2.01,1.91,2.09,1.95,1.97,1.89,1.2,7,13,1.18,7.5,15,1.17,7.5,15,1.17,8.62,15.33,1.15,8,15,1.14,8,17,1.21,8.74,21,1.17,7.78,15,1.36,3.2,1.4,3.12,1.45,3.22,1.4,2.95,-2,1.83,2.1,1.85,2.07,1.88,2.21,1.83,2.05
F1,14/09/2019,19:00,Bordeaux,Metz,2,0,H,2,0,H,15,15,6,3,18,15,4,6,2,2,0,0,1.85,3.3,4.75,1.85,3.4,4.6,1.85,3.35,4.8,1.83,3.56,4.88,1.83,3.4,4.6,1.85,3.2,4.75,1.91,3.56,4.95,1.85,3.37,4.71,2.5,1.53,2.56,1.56,2.6,1.57,2.51,1.53,-0.5,1.88,2.05,1.83,2.08,1.91,2.08,1.85,2.03,2,3.2,4,1.91,3.3,4.5,2,3.1,4.3,2.08,3.11,4.39,1.95,3.2,4.33,2,3.1,4.3,2.12,3.36,5.7,2.01,3.13,4.33,2.75,1.44,2.86,1.46,2.86,1.55,2.72,1.46,-0.5,2.1,1.83,2.08,1.84,2.13,1.99,2.04,1.83
F1,14/09/2019,19:00,Brest,Rennes,0,0,D,0,0,D,10,9,2,2,10,12,2,4,2,2,0,0,3.3,3.3,2.25,3.2,3.3,2.3,3.2,3.3,2.3,3.3,3.2,2.41,3.1,3.2,2.35,3.2,3.25,2.3,3.4,3.3,2.44,3.2,3.21,2.34,2.1,1.72,2.15,1.77,2.17,1.81,2.09,1.75,0.25,1.9,2.03,1.86,2.06,1.9,2.06,1.85,2.02,3.1,3.2,2.37,3.2,3.1,2.4,3.15,3.2,2.35,3.26,3.19,2.44,3.1,3.2,2.35,3.1,3.2,2.38,3.33,3.28,2.46,3.18,3.14,2.39,2,1.8,2.13,1.78,2.24,1.8,2.09,1.75,0.25,1.83,2.1,1.85,2.08,1.86,2.12,1.82,2.06
F1,14/09/2019,19:00,Dijon,Nimes,0,0,D,0,0,D,16,7,2,3,14,11,6,0,3,1,0,0,2.7,3.3,2.62,2.65,3.4,2.65,2.75,3.35,2.6,2.76,3.44,2.65,2.7,3.3,2.6,2.7,3.3,2.6,2.85,3.5,2.68,2.72,3.35,2.6,1.9,1.9,1.96,1.94,1.99,1.94,1.92,1.89,0,2.02,1.91,2,1.92,2.03,1.92,1.99,1.88,2.8,3.3,2.5,2.65,3.4,2.65,2.8,3.3,2.55,2.86,3.38,2.6,2.8,3.25,2.5,2.88,3.3,2.45,2.97,3.44,2.65,2.8,3.33,2.55,2,1.8,2.01,1.89,2.03,1.91,1.96,1.85,0,2.07,1.86,2.05,1.86,2.11,1.88,2.04,1.84
F1,14/09/2019,19:00,Montpellier,Nice,2,1,H,1,1,D,17,13,8,5,17,11,8,1,2,2,0,0,2,3.5,3.75,1.95,3.1,4.6,2.15,3.2,3.6,1.93,3.35,4.73,1.88,3.3,4.5,1.93,3.2,4.4,2.15,3.5,4.75,1.94,3.28,4.37,2.5,1.53,2.51,1.58,2.55,1.6,2.43,1.56,-0.5,1.96,1.97,1.93,1.99,2.15,1.99,1.94,1.93,1.9,3.4,4.33,1.95,3.25,4.33,2,3.3,4,2.01,3.5,4.08,1.91,3.4,4.2,1.91,3.3,4.3,2.05,3.53,4.45,1.96,3.36,4.15,2,1.8,2.1,1.8,2.35,1.86,2.14,1.72,-0.5,1.98,1.95,2.01,1.91,2.05,1.98,1.96,1.91
F1,15/09/2019,14:00,Nantes,Reims,1,0,H,0,0,D,8,9,4,1,18,15,7,5,1,3,0,0,2.05,3.1,4,2.15,3,3.9,2.15,3.05,3.8,2.2,2.98,4.18,2.15,2.9,4,2.15,3,4.1,2.25,3.1,4.25,2.16,3,3.91,2.62,1.5,2.78,1.49,2.78,1.53,2.63,1.49,-0.25,1.84,2.09,1.85,2.07,1.87,2.11,1.82,2.05,2.15,3.1,3.75,2.25,2.95,3.7,2.2,3.05,3.65,2.25,3.09,3.82,2.15,3.1,3.7,2.15,3.1,3.7,2.29,3.17,3.95,2.22,3.04,3.71,2.5,1.53,2.61,1.54,2.66,1.58,2.51,1.52,-0.25,1.91,2.02,1.91,2.01,1.91,2.04,1.88,1.99
F1,15/09/2019,16:00,St Etienne,Toulouse,2,2,D,1,2,A,14,10,4,7,15,13,9,7,3,0,0,0,1.61,4,5.5,1.67,3.9,5.25,1.7,3.8,5,1.67,4.14,5.22,1.63,3.9,5.25,1.62,3.9,5.75,1.71,4.2,5.75,1.65,3.93,5.21,1.9,1.9,1.92,1.98,1.92,2.02,1.87,1.94,-0.75,1.87,2.06,1.88,2.04,1.88,2.07,1.85,2.03,1.57,4,6,1.62,4,5.5,1.7,3.8,5,1.63,4.2,5.54,1.6,4.2,5.25,1.57,4.1,5.5,1.7,4.34,6,1.61,4.12,5.37,1.66,2.2,1.68,2.29,1.8,2.31,1.67,2.21,-1,2,1.8,2.13,1.8,2.15,1.86,2.05,1.81
F1,15/09/2019,20:00,Monaco,Marseille,3,4,A,2,2,D,12,13,8,6,9,14,6,4,3,3,0,0,2.4,3.6,2.8,2.45,3.5,2.8,2.6,3.35,2.7,2.41,3.69,2.91,2.38,3.5,2.8,2.45,3.5,2.9,2.6,3.69,3,2.41,3.53,2.83,1.9,1.9,1.91,1.99,1.92,2.03,1.86,1.95,-0.25,2.11,1.82,2.1,1.82,2.16,1.83,2.09,1.8,2,3.6,3.6,2.05,3.7,3.4,2.3,3.6,2.9,2.07,3.68,3.66,2,3.6,3.5,2.05,3.5,3.5,2.3,3.82,3.75,2.06,3.61,3.5,1.8,2,1.88,2.02,1.9,2.1,1.82,2,-0.25,1.75,2.05,1.79,2.14,1.95,2.2,1.79,2.1
F1,20/09/2019,19:45,Strasbourg,Nantes,2,1,H,0,1,A,17,10,5,3,11,16,9,2,2,2,0,0,2.45,3,3.1,2.6,3,3,2.55,3,3.1,2.6,3.08,3.13,2.55,3,3,2.55,3,3,2.65,3.11,3.17,2.56,3.02,3.05,2.5,1.53,2.63,1.53,2.63,1.56,2.55,1.51,0,1.79,2.15,1.78,2.15,1.8,2.19,1.76,2.13,2.25,3,3.5,2.4,2.95,3.4,2.35,3.05,3.4,2.41,3.07,3.47,2.25,3,3.5,2.3,3,3.4,2.42,3.13,3.86,2.32,3.02,3.47,2.5,1.53,2.71,1.51,2.71,1.56,2.54,1.52,-0.25,2.01,1.92,2.04,1.88,2.04,1.95,1.98,1.89
F1,21/09/2019,16:30,Marseille,Montpellier,1,1,D,0,1,A,24,3,5,2,11,17,15,1,4,3,2,1,2,3.2,4.2,1.95,3.3,4.2,1.97,3.35,4.1,2.02,3.29,4.37,1.95,3.25,4.2,2,3.3,3.9,2.04,3.4,4.47,1.98,3.27,4.14,2.1,1.72,2.23,1.71,2.23,1.76,2.13,1.72,-0.5,2.02,1.91,2.02,1.9,2.03,1.92,1.99,1.88,1.95,3.2,4.33,2,3.25,4.1,2.05,3.2,4,2.03,3.32,4.26,2,3.2,4,2,3.2,4,2.13,3.35,4.45,2.03,3.22,4.05,2.3,1.61,2.32,1.67,2.35,1.75,2.22,1.66,-0.5,2.03,1.9,2.03,1.88,2.1,1.92,2.03,1.85
F1,21/09/2019,19:00,Bordeaux,Brest,2,2,D,1,2,A,18,13,5,3,9,11,5,9,4,3,0,0,1.8,3.4,5,1.75,3.5,5.25,1.77,3.5,4.95,1.76,3.55,5.5,1.73,3.4,5.25,1.75,3.5,5,1.85,3.65,5.5,1.77,3.48,5.03,2.2,1.66,2.22,1.72,2.25,1.73,2.17,1.69,-0.75,2.06,1.87,2.03,1.88,2.1,1.88,2.02,1.85,1.72,3.5,5.25,1.8,3.4,5,1.77,3.5,4.95,1.79,3.5,5.39,1.78,3.3,5,1.75,3.4,5.2,1.86,3.58,5.85,1.79,3.43,5.04,2.2,1.66,2.25,1.7,2.31,1.76,2.2,1.67,-0.75,2,1.8,2.06,1.85,2.12,1.97,2.04,1.83
F1,21/09/2019,19:00,Metz,Amiens,1,2,A,0,1,A,13,9,4,5,13,12,4,6,1,1,0,0,2.1,3.1,4,2.1,3,4.1,2.1,3.05,4.05,2.09,3.14,4.32,2.05,3.1,4,2.05,3,4.1,2.17,3.2,4.32,2.09,3.08,4.04,2.62,1.5,2.75,1.49,2.75,1.52,2.65,1.48,-0.5,2.1,1.83,2.09,1.83,2.13,1.83,2.09,1.79,2.15,3.1,3.75,2.25,2.95,3.8,2.2,3.05,3.65,2.33,2.97,3.8,2.2,3,3.7,2.2,3,3.7,2.36,3.17,4,2.24,2.99,3.72,2.5,1.53,2.65,1.52,2.66,1.6,2.56,1.51,-0.25,1.99,1.94,1.96,1.96,2.02,2.05,1.91,1.96
F1,21/09/2019,19:00,Nice,Dijon,2,1,H,1,1,D,16,13,6,7,7,13,6,3,2,3,0,0,1.7,3.4,5.75,1.7,3.8,5,1.75,3.65,4.9,1.77,3.72,5.08,1.75,3.6,4.8,1.73,3.6,5,1.81,3.8,5.75,1.75,3.64,4.91,2,1.8,2.12,1.79,2.13,1.81,2.07,1.76,-0.75,2.02,1.91,2.03,1.88,2.03,1.92,2,1.87,1.75,3.3,5.25,1.75,3.6,5,1.77,3.5,4.95,1.78,3.48,5.56,1.73,3.4,5.25,1.75,3.6,4.8,1.81,3.7,5.9,1.76,3.5,5.1,2,1.8,2.12,1.79,2.17,1.83,2.07,1.76,-0.75,2.06,1.87,2.04,1.88,2.06,1.97,2.01,1.86
F1,21/09/2019,19:00,Nimes,Toulouse,1,0,H,1,0,H,19,9,4,2,14,11,5,7,1,3,0,1,2.05,3.4,3.75,2,3.5,3.8,2,3.5,3.7,2.06,3.52,3.85,2,3.4,3.75,2,3.5,3.7,2.09,3.6,3.92,2.03,3.45,3.73,1.9,1.9,1.97,1.93,1.97,1.96,1.92,1.89,-0.5,2.05,1.88,2.06,1.85,2.06,1.89,2.03,1.84,2,3.5,3.75,2.1,3.4,3.6,2.15,3.4,3.4,2.09,3.67,3.6,2,3.5,3.6,2.05,3.5,3.5,2.16,3.7,3.86,2.09,3.49,3.52,1.72,2.1,1.75,2.18,1.78,2.26,1.73,2.11,-0.25,1.81,2.13,1.81,2.11,1.86,2.13,1.81,2.07
F1,21/09/2019,19:00,Reims,Monaco,0,0,D,0,0,D,16,12,4,4,16,10,6,3,0,2,0,0,2.6,3.2,2.87,2.65,3.2,2.8,2.55,3.15,2.9,2.69,3.24,2.86,2.6,3.2,2.75,2.55,3.13,2.88,2.69,3.32,2.94,2.6,3.18,2.84,2.2,1.66,2.28,1.69,2.31,1.71,2.23,1.66,0,1.86,2.07,1.9,2.02,1.9,2.07,1.84,2.03,2.5,3.3,2.9,2.55,3.2,2.9,2.5,3.2,2.95,2.54,3.34,2.97,2.55,3.2,2.8,2.45,3.25,2.9,2.73,3.38,3.01,2.51,3.26,2.9,2,1.8,2.13,1.78,2.19,1.83,2.08,1.75,0,1.8,2.14,1.81,2.11,1.9,2.14,1.8,2.09
F1,22/09/2019,14:00,Rennes,Lille,1,1,D,0,0,D,11,15,3,6,14,11,4,8,2,1,0,0,2.45,3.1,3.1,2.55,3.1,3,2.5,3.1,3,2.6,3.1,3.11,2.45,3.1,3,2.5,3.1,3.13,2.6,3.2,3.17,2.51,3.09,3.03,2.3,1.61,2.41,1.62,2.41,1.67,2.3,1.62,0,1.78,2.16,1.79,2.15,1.79,2.18,1.76,2.14,2.9,3,2.55,2.85,3,2.7,2.95,3.1,2.55,2.95,3.12,2.7,2.9,3,2.6,2.8,3.1,2.63,3.01,3.17,2.77,2.9,3.07,2.63,2.2,1.66,2.21,1.72,2.35,1.74,2.18,1.68,0,2.06,1.87,2.05,1.87,2.09,1.88,2.03,1.84
F1,22/09/2019,16:00,Angers,St Etienne,4,1,H,0,1,A,14,6,5,2,13,12,5,4,1,1,0,0,2.15,3.3,3.5,2.15,3.25,3.6,2.15,3.35,3.55,2.2,3.29,3.7,2.15,3.2,3.6,2.15,3.3,3.7,2.22,3.4,3.8,2.16,3.28,3.55,2,1.8,2.08,1.82,2.18,1.84,2.06,1.77,-0.25,1.89,2.04,1.88,2.04,1.89,2.05,1.86,2.01,2,3.3,3.8,2.1,3.3,3.75,2.1,3.25,3.8,2.13,3.3,3.9,2.05,3.3,3.75,2.05,3.4,3.6,2.2,3.44,3.98,2.09,3.28,3.74,1.9,1.9,1.99,1.92,2.02,1.93,1.96,1.86,-0.25,1.82,2.11,1.81,2.11,1.86,2.14,1.81,2.08
F1,22/09/2019,20:00,Lyon,Paris SG,0,1,A,0,0,D,12,21,0,7,8,6,2,11,1,1,0,0,3.9,4,1.85,3.8,4.1,1.85,3.7,4.15,1.85,3.88,4.18,1.88,3.8,4,1.83,4,4.1,1.83,4,4.25,1.9,3.79,4.06,1.85,1.4,3,1.45,2.91,1.45,3,1.42,2.85,0.5,2.06,1.87,2.04,1.88,2.07,1.88,2.02,1.85,3.5,4.2,1.85,3.7,4,1.9,3.9,3.7,1.9,3.9,4,1.92,3.75,4,1.83,3.9,3.9,1.83,3.94,4.34,1.94,3.75,3.96,1.89,1.53,2.5,1.54,2.6,1.54,2.72,1.5,2.59,0.5,2.02,1.91,2,1.92,2.02,1.93,1.98,1.89
F1,24/09/2019,18:00,Dijon,Marseille,0,0,D,0,0,D,18,9,6,2,9,14,8,3,3,3,0,0,3.6,3.5,2,3.5,3.3,2.15,3.65,3.4,2.05,3.75,3.49,2.1,3.6,3.4,2.05,3.7,3.3,2.05,3.9,3.55,2.25,3.61,3.4,2.09,2,1.8,2.06,1.85,2.08,1.85,2.02,1.81,0.25,2.11,1.82,2.12,1.81,2.13,1.99,2.08,1.8,3.25,3.4,2.2,3.6,3.5,2.05,3.35,3.3,2.2,3.4,3.33,2.3,3.6,3.4,2.05,3.4,3.25,2.2,3.9,3.6,2.35,3.44,3.34,2.18,2.1,1.72,2.15,1.77,2.16,1.92,2.05,1.78,0.25,1.96,1.97,1.94,1.98,2.14,2,1.97,1.91
F1,24/09/2019,20:00,Monaco,Nice,3,1,H,1,0,H,17,10,5,3,10,14,5,7,2,3,0,0,2,3.5,3.8,2,3.5,3.75,2.1,3.35,3.6,2.01,3.59,3.96,1.95,3.5,3.9,1.95,3.5,3.8,2.1,3.72,4.1,1.98,3.54,3.83,1.8,2,1.87,2.03,1.97,2.04,1.85,1.96,-0.5,2.01,1.92,2.01,1.91,2.1,1.95,1.99,1.88,1.8,3.5,4.5,1.8,3.75,4.4,2.1,3.35,3.6,1.93,3.71,4.18,1.78,3.7,4.4,1.75,3.7,4.4,2.1,3.95,4.64,1.86,3.67,4.19,1.72,2.1,1.76,2.15,1.97,2.26,1.79,2.04,-0.5,1.9,2.03,1.93,1.99,2.1,2.09,1.87,2
F1,25/09/2019,18:00,Amiens,Bordeaux,1,3,A,1,2,A,11,15,3,6,15,13,3,3,2,2,0,0,2.5,3,3.2,2.45,3,3.25,2.5,2.95,3.15,2.58,3.06,3.17,2.45,3,3.1,2.5,2.9,3.2,2.63,3.14,3.25,2.51,3,3.12,2.62,1.5,2.78,1.48,2.79,1.5,2.67,1.48,-0.25,2.14,1.8,2.18,1.76,2.26,1.8,2.14,1.76,2.62,3,3,2.65,2.95,3,2.65,2.95,3,2.74,2.96,3.07,2.7,2.9,2.9,2.63,2.9,3,2.82,3.1,3.1,2.67,2.96,2.97,2.5,1.53,2.71,1.51,2.72,1.56,2.6,1.49,0,1.84,2.09,1.85,2.07,1.92,2.12,1.83,2.04
F1,25/09/2019,18:00,Brest,Lyon,2,2,D,1,1,D,13,11,5,5,9,10,2,6,0,0,0,0,4.75,3.8,1.72,4.75,3.75,1.75,4.4,3.5,1.85,4.72,4.05,1.75,4.6,3.9,1.7,4.8,3.8,1.7,4.8,4.05,1.85,4.57,3.86,1.74,1.8,2,1.82,2.08,1.85,2.09,1.8,2.02,0.75,1.94,1.99,1.93,1.99,1.95,2,1.9,1.96,4.5,3.75,1.75,4.33,3.8,1.8,4.8,3.7,1.75,4.6,4.02,1.77,4.6,3.9,1.7,4.3,3.9,1.75,5.05,4.15,1.8,4.41,3.91,1.76,1.61,2.3,1.63,2.4,1.7,2.47,1.62,2.29,0.75,1.92,2.01,1.92,2,2.02,2.04,1.89,1.98
F1,25/09/2019,18:00,Lille,Strasbourg,2,0,H,1,0,H,12,5,5,1,7,12,4,2,0,1,0,0,1.83,3.4,4.75,1.8,3.5,4.75,1.8,3.45,4.7,1.83,3.56,4.95,1.8,3.4,4.75,1.8,3.4,4.75,1.88,3.6,5.1,1.81,3.45,4.75,2.2,1.66,2.27,1.69,2.28,1.71,2.22,1.67,-0.75,2.05,1.75,2.11,1.81,2.13,1.81,2.08,1.79,1.75,3.5,5.25,1.8,3.5,4.75,1.8,3.5,4.85,1.81,3.5,5.18,1.73,3.5,5,1.8,3.4,4.75,1.85,3.6,5.8,1.79,3.47,4.94,2.2,1.66,2.26,1.7,2.29,1.76,2.21,1.67,-0.75,2.1,1.83,2.09,1.83,2.11,1.92,2.07,1.82
F1,25/09/2019,18:00,Montpellier,Nimes,1,0,H,1,0,H,12,15,4,3,14,19,4,8,3,4,0,0,1.9,3.4,4.33,1.9,3.6,4.1,1.9,3.5,4.1,1.93,3.67,4.2,1.85,3.5,4.2,1.87,3.4,4.33,1.97,3.7,4.4,1.89,3.52,4.18,2.1,1.72,2.09,1.81,2.18,1.81,2.09,1.75,-0.5,1.92,2.01,1.93,1.99,1.97,2.01,1.9,1.97,2,3.4,3.75,1.95,3.3,4.2,1.9,3.5,4.1,2.14,3.25,3.91,2,3.3,4,2.05,3.25,3.8,2.16,3.5,4.24,2.04,3.31,3.9,2.2,1.66,2.22,1.72,2.23,1.76,2.15,1.71,-0.5,2.1,1.83,2.14,1.79,2.15,1.88,2.06,1.82
F1,25/09/2019,18:00,Nantes,Rennes,1,0,H,0,0,D,8,6,2,2,16,17,2,4,2,4,0,0,2.3,3.1,3.4,2.3,3.1,3.4,2.25,3.15,3.4,2.33,3.18,3.5,2.25,3.2,3.3,2.25,3.1,3.4,2.37,3.36,3.5,2.29,3.13,3.38,2.37,1.57,2.47,1.6,2.47,1.62,2.37,1.59,-0.25,1.98,1.95,1.98,1.93,1.99,1.96,1.95,1.92,2.5,3.1,3,2.45,2.95,3.3,2.4,3,3.3,2.6,2.95,3.26,2.4,3,3.2,2.5,3,3.1,2.6,3.18,3.5,2.48,2.98,3.21,2.5,1.53,2.5,1.58,2.57,1.6,2.42,1.56,-0.25,2.15,1.79,2.18,1.76,2.18,1.82,2.12,1.77
F1,25/09/2019,18:00,St Etienne,Metz,0,1,A,0,1,A,15,12,3,1,12,12,8,5,4,2,0,0,1.8,3.5,4.75,1.78,3.6,4.75,1.77,3.6,4.65,1.81,3.7,4.83,1.78,3.6,4.6,1.75,3.6,4.8,1.84,3.75,5.05,1.79,3.59,4.67,2,1.8,2.06,1.84,2.09,1.84,2.04,1.79,-0.75,2.07,1.86,2.07,1.85,2.07,1.87,2.04,1.84,1.9,3.3,4.2,1.95,3.3,4.33,1.95,3.45,4,2.01,3.42,4.2,1.95,3.4,4,1.95,3.5,3.8,2.04,3.52,4.78,1.97,3.38,4.07,1.9,1.9,1.95,1.95,2.02,2.05,1.94,1.87,-0.5,2.02,1.91,2.01,1.91,2.02,1.93,1.98,1.88
F1,25/09/2019,18:00,Toulouse,Angers,0,2,A,0,0,D,6,22,1,6,15,12,5,11,1,0,0,0,2.75,3.1,2.75,2.6,3.2,2.85,2.7,3.2,2.7,2.76,3.22,2.8,2.62,3.25,2.7,2.7,3.2,2.63,2.77,3.42,2.85,2.68,3.21,2.73,2.1,1.72,2.16,1.76,2.2,1.78,2.13,1.72,0,1.98,1.95,1.94,1.97,1.98,1.97,1.93,1.94,2.62,3.1,2.87,2.65,3.2,2.8,2.7,3.2,2.75,2.72,3.2,2.86,2.62,3.2,2.75,2.7,3.13,2.7,2.81,3.32,2.93,2.69,3.16,2.76,2.1,1.72,2.21,1.72,2.24,1.75,2.15,1.7,0,1.95,1.98,1.91,2.01,1.96,2.03,1.91,1.96
F1,25/09/2019,20:00,Paris SG,Reims,0,2,A,0,1,A,12,13,3,2,10,11,6,6,1,2,0,0,1.14,8,19,1.16,7.75,17,1.15,7.6,18.5,1.17,8.19,17.64,1.15,7.5,17,1.14,8,17,1.18,8.5,23,1.16,7.76,16.93,1.36,3.2,1.37,3.3,1.39,3.3,1.36,3.12,-2,1.77,2.02,1.83,2.09,1.86,2.14,1.79,2.07,1.3,5.5,9.5,1.26,5.75,11.5,1.2,6.5,15,1.29,5.83,11.65,1.27,5.5,11,1.29,5.4,10.5,1.32,6.5,15,1.28,5.68,10.88,1.61,2.3,1.63,2.39,1.65,2.7,1.58,2.37,-1.5,1.96,1.97,1.96,1.96,1.97,2.2,1.89,1.98
F1,28/09/2019,12:30,Lyon,Nantes,0,1,A,0,0,D,14,11,7,2,10,10,7,8,2,2,0,0,1.55,3.8,7,1.53,4.1,6.75,1.57,4.05,5.9,1.57,4.12,6.48,1.53,3.9,6.5,1.55,3.9,6.25,1.6,4.2,7,1.56,4,6.21,1.9,1.9,1.93,1.97,1.96,1.99,1.9,1.91,-1,2.04,1.89,2.04,1.88,2.05,1.91,2,1.87,1.5,3.8,7.5,1.55,4,6.5,1.6,4.15,5.4,1.52,4.43,6.74,1.55,3.9,6.5,1.5,4.3,6.25,1.6,4.5,7.7,1.54,4.18,6.31,1.72,2.1,1.74,2.2,1.8,2.26,1.72,2.14,-1,1.89,2.04,1.9,2.02,1.98,2.15,1.91,1.96
F1,28/09/2019,16:30,Bordeaux,Paris SG,0,1,A,0,0,D,4,21,1,7,10,13,0,9,0,3,0,0,6,4.75,1.5,6,4.6,1.5,5.8,4.5,1.53,5.86,4.83,1.53,6,4.6,1.47,6.25,4.33,1.5,6.45,4.83,1.55,5.96,4.57,1.51,1.66,2.2,1.64,2.36,1.66,2.4,1.61,2.31,1,2.07,1.86,2.04,1.88,2.09,1.88,2.03,1.83,6.5,5,1.4,7,5,1.42,6.8,4.8,1.43,7.82,5.03,1.41,6.5,4.6,1.44,7.5,4.75,1.4,7.89,5.4,1.48,7.09,4.9,1.42,1.66,2.2,1.68,2.3,1.68,2.47,1.64,2.27,1.25,1.93,2,1.98,1.94,1.98,2.03,1.92,1.95
F1,28/09/2019,19:00,Angers,Amiens,1,1,D,0,1,A,23,8,6,4,10,13,10,2,1,0,0,0,1.75,3.4,5.5,1.75,3.5,5.25,1.73,3.5,5.2,1.72,3.52,6,1.7,3.4,5.8,1.73,3.4,5.4,1.77,3.6,6.15,1.73,3.46,5.48,2.3,1.61,2.34,1.65,2.35,1.67,2.28,1.62,-0.75,2.01,1.92,1.98,1.93,2.01,1.93,1.95,1.9,1.66,3.5,6,1.65,3.5,6.25,1.67,3.45,6,1.67,3.65,6.23,1.65,3.5,6,1.65,3.6,5.75,1.71,3.7,6.55,1.67,3.54,5.94,2.3,1.61,2.35,1.65,2.36,1.76,2.26,1.64,-0.75,1.91,2.02,1.9,2.02,1.95,2.04,1.88,1.99
F1,28/09/2019,19:00,Metz,Toulouse,2,2,D,1,0,H,13,15,3,6,10,17,3,6,1,1,0,0,2.1,3.25,3.8,2.1,3.25,3.8,2.1,3.25,3.65,2.13,3.32,3.87,2.1,3.2,3.7,2.1,3.2,3.7,2.2,3.35,3.9,2.12,3.25,3.69,2.2,1.66,2.24,1.71,2.29,1.72,2.2,1.67,-0.25,1.85,2.08,1.82,2.1,1.86,2.1,1.83,2.04,2.1,3.25,3.8,2.1,3.25,3.75,2.15,3.25,3.65,2.14,3.36,3.79,2.15,3.2,3.6,2.1,3.2,3.7,2.21,3.4,3.86,2.13,3.24,3.68,2.2,1.66,2.24,1.71,2.29,1.75,2.2,1.67,-0.25,1.84,2.09,1.83,2.09,1.86,2.11,1.83,2.05
F1,28/09/2019,19:00,Monaco,Brest,4,1,H,1,0,H,21,5,13,1,7,15,7,1,1,2,0,0,1.5,4,7.5,1.53,4.2,6.5,1.53,4.4,6,1.52,4.49,6.67,1.47,4.33,6.5,1.5,4.33,6.25,1.57,4.55,7.5,1.51,4.32,6.34,1.66,2.2,1.67,2.31,1.71,2.31,1.66,2.22,-1,1.88,2.05,1.88,2.03,1.9,2.08,1.85,2.01,1.4,4.5,9.5,1.42,4.6,7.75,1.55,4,6.2,1.41,5.09,7.8,1.42,4.6,7.5,1.4,4.75,7.5,1.55,5.19,9.6,1.41,4.77,7.58,1.53,2.5,1.56,2.56,1.62,2.56,1.55,2.45,-1.25,1.93,2,1.9,2.02,2,2.05,1.91,1.96
F1,28/09/2019,19:00,Nice,Lille,1,1,D,1,1,D,12,11,5,6,8,14,6,5,2,2,0,0,2.9,3.2,2.55,2.85,3.1,2.65,2.9,3.2,2.55,3.01,3.2,2.59,2.88,3.2,2.5,2.9,3.2,2.5,3.02,3.34,2.65,2.88,3.19,2.55,2.1,1.72,2.12,1.79,2.17,1.79,2.11,1.73,0,2.09,1.84,2.11,1.81,2.11,1.85,2.06,1.82,3.1,3.2,2.45,3,3.2,2.45,3,3.25,2.4,3.12,3.14,2.56,3.1,3.1,2.4,2.9,3.2,2.45,3.18,3.3,2.56,3.04,3.17,2.46,2.1,1.72,2.11,1.79,2.24,1.83,2.06,1.77,0.25,1.8,2.14,1.77,2.17,1.8,2.19,1.78,2.12
F1,28/09/2019,19:00,Reims,Dijon,1,2,A,1,1,D,18,11,2,4,8,21,5,4,1,2,0,0,1.72,3.4,5.75,1.75,3.4,5.5,1.77,3.45,5,1.79,3.47,5.48,1.75,3.3,5.5,1.75,3.4,5.2,1.82,3.55,5.75,1.77,3.42,5.2,2.3,1.61,2.37,1.64,2.39,1.66,2.31,1.61,-0.75,2.09,1.84,2.06,1.85,2.09,1.87,2.04,1.83,1.72,3.4,5.75,1.75,3.4,5.5,1.7,3.55,5.4,1.72,3.63,5.76,1.7,3.5,5.5,1.7,3.5,5.4,1.75,3.7,5.9,1.71,3.53,5.57,2.3,1.61,2.37,1.64,2.38,1.68,2.28,1.63,-0.75,1.99,1.94,1.98,1.93,2.01,1.95,1.95,1.92
F1,29/09/2019,14:00,Strasbourg,Montpellier,1,0,H,1,0,H,8,11,3,3,18,13,1,6,4,2,0,0,2.3,3.2,3.25,2.6,3.1,2.9,2.45,3.05,3.15,2.5,3.09,3.27,2.4,3.1,3.1,2.45,3,3,2.6,3.24,3.3,2.47,3.07,3.12,2.37,1.57,2.49,1.59,2.55,1.59,2.44,1.56,-0.25,2.02,1.77,2.11,1.81,2.16,1.82,2.09,1.78,2.25,3.2,3.3,2.3,3.1,3.4,2.3,3.1,3.4,2.31,3.06,3.71,2.3,3,3.4,2.25,3,3.5,2.36,3.28,3.76,2.29,3.05,3.5,2.5,1.53,2.67,1.52,2.68,1.57,2.54,1.51,-0.25,1.98,1.95,1.95,1.97,1.99,1.98,1.95,1.93
F1,29/09/2019,16:00,Nimes,St Etienne,0,1,A,0,0,D,22,6,8,4,12,15,13,5,1,4,0,1,2.37,3.2,3.2,2.35,3.3,3.1,2.35,3.4,3.05,2.37,3.43,3.17,2.25,3.5,3,2.3,3.3,3,2.38,3.64,3.25,2.32,3.39,3.07,1.9,1.9,1.88,2.01,1.92,2.01,1.87,1.94,-0.25,2.06,1.87,2.04,1.88,2.07,1.91,2.02,1.85,2.55,3.2,2.9,2.35,3.2,3.2,2.45,3.35,2.9,2.55,3.26,3.03,2.3,3.3,3.1,2.45,3.3,2.9,2.6,3.41,3.33,2.43,3.27,3.01,1.9,1.9,2,1.9,2.04,1.97,1.92,1.89,-0.25,2.2,1.75,2.17,1.77,2.2,1.86,2.11,1.78
F1,29/09/2019,20:00,Marseille,Rennes,1,1,D,0,1,A,17,12,5,2,18,13,7,4,4,0,0,0,1.9,3.6,4,1.91,3.5,4.1,1.97,3.45,3.95,2.02,3.53,4,1.95,3.4,3.9,1.91,3.4,4,2.03,3.6,4.2,1.97,3.46,3.94,2,1.8,2.16,1.76,2.16,1.81,2.06,1.77,-0.5,2,1.93,2.02,1.9,2.02,1.94,1.98,1.89,2,3.6,3.75,2,3.5,3.75,1.97,3.4,4.05,2,3.46,4.19,1.91,3.5,4,1.95,3.3,4.2,2.05,3.64,4.25,1.98,3.43,4,2.2,1.66,2.19,1.74,2.2,1.82,2.12,1.72,-0.5,2,1.93,2,1.92,2.05,1.95,1.97,1.89
F1,04/10/2019,19:45,Amiens,Marseille,3,1,H,2,1,H,11,13,5,4,16,15,3,7,1,3,0,0,3.2,3.25,2.3,3.3,3.2,2.3,3.3,3.2,2.3,3.3,3.32,2.35,3.25,3.2,2.25,3.3,3.1,2.3,3.5,3.35,2.4,3.3,3.23,2.3,2.3,1.61,2.36,1.65,2.39,1.66,2.3,1.62,0.25,1.9,2.03,1.9,2.02,1.91,2.04,1.88,1.98,3.1,3.4,2.3,3.2,3.25,2.3,3.1,3.35,2.3,3.2,3.4,2.37,3.2,3.3,2.25,3.1,3.3,2.3,3.3,3.48,2.4,3.11,3.36,2.32,2,1.8,2.07,1.83,2.13,1.9,1.99,1.83,0.25,1.9,2.03,1.88,2.04,1.91,2.05,1.87,2
F1,05/10/2019,16:30,Paris SG,Angers,4,0,H,2,0,H,15,10,8,2,12,11,6,1,3,1,0,0,1.2,7.5,12,1.19,7.25,13.5,1.21,7.3,11,1.2,7.6,14.19,1.18,7,15,1.18,7,15,1.22,7.85,15.5,1.2,7.2,13.01,1.36,3.2,1.38,3.25,1.39,3.3,1.36,3.1,-2,1.99,1.94,1.98,1.94,2,1.97,1.95,1.91,1.2,7,13,1.19,7.25,14.5,1.22,6.2,13.5,1.17,8.22,17.48,1.17,7.5,15,1.15,7.5,17,1.22,8.33,19,1.18,7.49,14.82,1.44,2.75,1.41,3.05,1.48,3.25,1.41,2.9,-2,1.92,2.01,1.88,2.04,2,2.05,1.9,1.97
F1,05/10/2019,19:00,Brest,Metz,2,0,H,2,0,H,7,12,3,4,12,15,2,9,2,1,0,0,2.5,3.25,2.9,2.45,3.2,3,2.45,3.2,3,2.51,3.31,3.04,2.45,3.25,2.9,2.45,3.13,3,2.52,3.38,3.1,2.46,3.24,2.97,2.2,1.66,2.26,1.69,2.27,1.73,2.18,1.69,-0.25,2.14,1.8,2.15,1.79,2.15,1.82,2.11,1.78,2.6,3.2,2.8,2.45,3.2,3,2.45,3.2,3,2.71,3.25,2.83,2.6,3.2,2.75,2.63,3.1,2.8,2.74,3.34,3.1,2.6,3.19,2.84,2.2,1.66,2.27,1.69,2.35,1.71,2.21,1.67,0,1.91,2.02,1.92,2,1.92,2.05,1.87,2
F1,05/10/2019,19:00,Dijon,Strasbourg,1,0,H,1,0,H,8,15,3,2,7,14,6,7,3,3,0,0,2.7,3.1,2.8,2.75,2.95,2.9,2.7,3.15,2.75,2.79,3.05,2.92,2.62,3.2,2.75,2.7,3.1,2.75,2.79,3.3,2.92,2.7,3.09,2.79,2.3,1.61,2.39,1.63,2.39,1.68,2.28,1.63,0,1.93,2,1.92,2,1.93,2,1.9,1.96,3,3,2.5,3,2.95,2.65,2.8,3,2.75,3.16,2.87,2.74,3,3,2.55,3,2.9,2.6,3.19,3.1,2.8,3.02,2.9,2.67,2.5,1.53,2.68,1.52,2.68,1.57,2.52,1.52,0,2.13,1.81,2.1,1.82,2.13,1.9,2.07,1.81
F1,05/10/2019,19:00,Montpellier,Monaco,3,1,H,2,0,H,17,14,10,4,18,11,6,8,1,2,0,1,3,3.2,2.5,2.85,3.3,2.5,2.85,3.3,2.5,2.96,3.32,2.56,2.88,3.25,2.45,2.88,3.3,2.45,3,3.42,2.63,2.89,3.28,2.49,1.9,1.9,1.94,1.96,1.96,1.97,1.91,1.9,0,2.11,1.82,2.11,1.82,2.12,1.83,2.08,1.8,3.1,3.3,2.25,3.25,3.25,2.3,3.15,3.35,2.3,3.2,3.41,2.36,3.1,3.3,2.3,3.1,3.4,2.25,3.26,3.48,2.38,3.13,3.35,2.31,1.8,2,1.88,2.02,1.92,2.15,1.84,1.98,0.25,1.9,2.03,1.88,2.03,1.91,2.07,1.87,2
F1,05/10/2019,19:00,Nantes,Nice,1,0,H,0,0,D,14,6,5,2,14,7,6,1,1,2,0,0,2.05,3.3,3.8,2,3.3,4,2,3.35,3.85,2.01,3.48,4.11,1.95,3.4,3.9,2,3.3,3.9,2.09,3.54,4.15,2,3.37,3.93,2.2,1.66,2.28,1.69,2.29,1.74,2.19,1.68,-0.5,2.03,1.9,2.01,1.91,2.05,1.91,1.99,1.87,2,3.3,3.75,2.1,3.2,3.8,2.15,3.25,3.6,2.11,3.29,3.98,2.05,3.25,3.8,2.05,3.2,3.8,2.17,3.42,4.02,2.1,3.24,3.76,2.3,1.61,2.32,1.67,2.32,1.76,2.24,1.65,-0.25,1.81,2.13,1.79,2.13,1.82,2.14,1.8,2.09
F1,05/10/2019,19:00,Toulouse,Bordeaux,1,3,A,0,2,A,15,10,4,4,16,16,5,4,4,2,0,0,2.5,3.1,3.1,2.45,3.1,3.1,2.55,3.2,2.9,2.63,3.1,3.06,2.55,3.1,2.9,2.55,3.13,2.9,2.65,3.25,3.1,2.55,3.11,2.95,2.2,1.66,2.23,1.71,2.25,1.73,2.18,1.69,0,1.82,2.11,1.81,2.11,1.83,2.12,1.8,2.07,2.37,3.1,3.3,2.45,3.1,3.1,2.5,3.15,2.95,2.54,3.14,3.16,2.4,3.1,3.1,2.5,3.2,2.9,2.61,3.3,3.34,2.49,3.12,3.05,2.1,1.72,2.15,1.76,2.24,1.78,2.1,1.73,-0.25,2.05,1.75,2.15,1.79,2.2,1.8,2.13,1.76
F1,06/10/2019,14:00,Lille,Nimes,2,2,D,1,1,D,18,14,7,4,19,10,8,6,3,1,0,0,1.6,3.6,6.5,1.67,3.6,5.75,1.65,4,5.1,1.64,4.01,5.75,1.62,3.8,5.5,1.62,3.9,5.2,1.69,4.1,6.5,1.64,3.9,5.41,1.8,2,1.81,2.1,1.83,2.12,1.78,2.05,-1,2.07,1.72,2.13,1.79,2.19,1.8,2.11,1.76,1.57,3.75,6.5,1.62,3.9,5.75,1.6,3.9,5.8,1.6,4.01,6.29,1.55,3.8,6.5,1.55,4,6,1.63,4.06,6.65,1.6,3.92,5.94,1.8,2,1.85,2.05,1.9,2.06,1.81,2,-1,2.06,1.87,2.06,1.85,2.1,1.9,2.04,1.83
F1,06/10/2019,16:00,Rennes,Reims,0,1,A,0,0,D,18,13,3,7,13,19,5,3,1,3,0,0,2.2,3.1,3.6,2.1,3.2,3.9,2.15,3.15,3.65,2.21,3.19,3.78,2.15,3.2,3.6,2.1,3.1,3.7,2.21,3.3,3.9,2.16,3.18,3.66,2.5,1.53,2.51,1.58,2.52,1.6,2.43,1.55,-0.25,1.88,2.05,1.88,2.03,1.88,2.06,1.85,2.02,2.45,3.1,3.2,2.3,3.1,3.4,2.45,3.05,3.15,2.54,3.04,3.26,2.38,3,3.25,2.5,3,3.1,2.56,3.16,3.46,2.46,3.02,3.21,2.5,1.53,2.66,1.52,2.66,1.6,2.5,1.53,-0.25,2.15,1.79,2.14,1.79,2.16,1.83,2.11,1.78
F1,06/10/2019,20:00,St Etienne,Lyon,1,0,H,0,0,D,6,6,4,2,13,18,5,1,1,2,0,0,3.4,3.6,2.1,3.25,3.6,2.15,3.3,3.85,2.05,3.51,3.71,2.11,3.4,3.6,2.05,3.25,3.7,2.05,3.55,3.85,2.15,3.35,3.67,2.08,1.53,2.5,1.57,2.52,1.59,2.55,1.55,2.44,0.25,2.05,1.75,2.09,1.83,2.14,1.84,2.06,1.8,3.6,3.6,1.95,4,3.6,1.91,3.75,3.5,2,4.21,3.44,2,4,3.5,1.91,4,3.4,1.95,4.3,3.72,2.03,4,3.43,1.97,2,1.8,2.04,1.85,2.08,1.95,1.97,1.84,0.5,1.93,2,1.92,2,1.95,2.01,1.89,1.98
F1,18/10/2019,19:45,Nice,Paris SG,1,4,A,0,2,A,10,24,2,10,12,15,1,13,3,2,2,0,7.5,4.5,1.44,7.5,4.75,1.42,7,4.5,1.45,7.95,4.65,1.44,7.5,4.4,1.42,8,4.6,1.4,8.5,4.8,1.47,7.68,4.57,1.43,1.72,2.1,1.73,2.2,1.73,2.32,1.67,2.21,1.25,1.93,2,1.9,2.01,1.95,2.03,1.9,1.97,8.5,5,1.36,8.5,5,1.36,7,4.5,1.45,8.65,5.1,1.38,9,4.8,1.35,9,5,1.33,9.8,5.25,1.45,8.52,4.91,1.37,1.66,2.2,1.67,2.32,1.72,2.42,1.66,2.23,1.5,1.75,2.05,1.83,2.09,1.96,2.2,1.8,2.08
F1,19/10/2019,16:30,Lyon,Dijon,0,0,D,0,0,D,24,6,10,1,12,11,8,1,0,0,0,0,1.33,5.25,10,1.34,5.25,8.75,1.4,4.8,7.5,1.36,5.56,8.4,1.33,5.25,8.5,1.33,5.2,8.5,1.4,5.56,10,1.36,5.26,8.23,1.53,2.5,1.54,2.6,1.56,2.63,1.51,2.53,-1.5,2.07,1.86,2.06,1.86,2.08,1.89,2.03,1.84,1.36,5,8.5,1.45,5,6.25,1.4,4.8,7.5,1.36,5.33,9.05,1.33,5,9,1.33,5,9,1.45,5.44,9.6,1.37,5.07,8.09,1.61,2.3,1.62,2.41,1.65,2.55,1.58,2.36,-1.25,1.82,2.11,1.81,2.11,1.96,2.14,1.83,2.05
F1,19/10/2019,19:00,Angers,Brest,0,1,A,0,0,D,29,6,6,1,10,11,13,3,1,0,0,0,1.61,3.6,6.5,1.67,3.6,5.75,1.65,3.7,5.8,1.64,3.76,6.36,1.6,3.6,6.5,1.6,3.75,6,1.68,3.85,6.55,1.63,3.69,6.03,2,1.8,2.08,1.82,2.12,1.83,2.05,1.78,-0.75,1.84,2.09,1.84,2.08,1.85,2.09,1.82,2.05,1.61,3.75,6,1.62,3.7,6,1.6,3.85,5.8,1.63,3.83,6.43,1.57,3.7,6.5,1.6,3.8,5.75,1.66,3.95,6.7,1.61,3.78,6.08,1.9,1.9,1.96,1.94,1.98,2.05,1.92,1.89,-1,2.05,1.75,2.13,1.79,2.14,1.88,2.1,1.78
F1,19/10/2019,19:00,Metz,Nantes,1,0,H,0,0,D,10,9,2,2,16,13,3,3,2,1,0,1,2.7,3,2.87,2.75,2.95,2.9,2.75,3,2.85,2.76,3.11,2.9,2.7,3,2.8,2.7,3,2.8,2.82,3.14,2.9,2.73,3.03,2.83,2.62,1.5,2.71,1.51,2.72,1.52,2.63,1.49,0,1.92,2.01,1.91,2.01,1.95,2.01,1.9,1.96,2.5,3,3.1,2.45,3,3.2,2.45,3.05,3.1,2.49,3.1,3.28,2.45,3,3.1,2.45,3,3.13,2.6,3.15,3.4,2.47,3.06,3.13,2.37,1.57,2.52,1.57,2.6,1.6,2.44,1.55,-0.25,2.14,1.8,2.1,1.82,2.17,1.82,2.11,1.78
F1,19/10/2019,19:00,Nimes,Amiens,1,1,D,1,0,H,11,13,3,5,11,15,1,11,2,4,0,0,2.1,3.25,3.8,2.05,3.4,3.75,2.05,3.35,3.75,2.04,3.44,4.02,2,3.25,3.9,2,3.4,3.8,2.1,3.44,4.1,2.04,3.34,3.85,2,1.8,2.09,1.81,2.17,1.83,2.07,1.76,-0.5,2.06,1.87,2.04,1.87,2.08,1.88,2.04,1.83,2.3,3.4,3.1,2.25,3.3,3.3,2.35,3.25,3.1,2.35,3.33,3.3,2.25,3.3,3.2,2.38,3.13,3.13,2.4,3.48,3.4,2.3,3.29,3.21,2.1,1.72,2.24,1.71,2.25,1.83,2.15,1.7,-0.25,2.06,1.87,2.02,1.9,2.06,1.98,1.99,1.88
F1,19/10/2019,19:00,Reims,Montpellier,1,0,H,1,0,H,12,9,5,0,19,11,4,8,2,0,0,0,2.15,2.9,4.2,2.2,3,3.75,2.2,3,3.8,2.23,2.96,4.11,2.2,2.9,3.9,2.15,3,3.8,2.27,3.1,4.2,2.2,2.97,3.85,2.62,1.5,2.77,1.49,2.77,1.52,2.64,1.48,-0.25,1.88,2.05,1.87,2.05,1.9,2.07,1.86,2.01,2.25,2.87,3.8,2.2,3,3.75,2.3,2.95,3.6,2.3,2.9,4,2.25,2.8,3.8,2.2,2.9,3.8,2.35,3.04,4.04,2.26,2.93,3.75,2.75,1.44,2.95,1.44,2.95,1.5,2.74,1.45,-0.25,1.93,2,1.93,1.99,1.95,2.01,1.91,1.96
F1,19/10/2019,19:00,Toulouse,Lille,2,1,H,0,0,D,17,9,6,2,15,11,3,4,2,4,0,0,3.6,3.3,2.1,3.6,3.25,2.15,3.45,3.3,2.15,3.51,3.37,2.23,3.4,3.3,2.15,3.5,3.25,2.15,3.6,3.43,2.25,3.47,3.31,2.18,2,1.8,2.08,1.83,2.13,1.83,2.04,1.78,0.25,2.03,1.9,2,1.93,2.04,1.93,1.98,1.88,3.3,3.3,2.25,3.5,3.2,2.2,3.4,3.3,2.2,3.38,3.28,2.33,3.25,3.2,2.25,3.25,3.25,2.25,3.5,3.36,2.38,3.29,3.25,2.29,2,1.8,2.13,1.78,2.13,1.9,2.04,1.78,0.25,1.92,2.01,1.92,2,1.95,2.02,1.9,1.97
F1,20/10/2019,14:00,Bordeaux,St Etienne,0,1,A,0,0,D,12,6,6,3,7,18,8,5,0,3,0,0,2.3,3.2,3.3,2.25,3.1,3.5,2.3,3.2,3.3,2.31,3.34,3.37,2.25,3.2,3.25,2.25,3.13,3.25,2.35,3.36,3.5,2.28,3.23,3.31,2.3,1.61,2.31,1.67,2.38,1.67,2.28,1.63,-0.25,2.01,1.92,1.98,1.93,2.01,1.93,1.96,1.9,2.45,3.1,3,2.55,3.1,3,2.45,3.1,3.1,2.47,3.12,3.3,2.4,3.1,3.1,2.4,3.1,3.13,2.55,3.2,3.33,2.45,3.08,3.14,2.3,1.61,2.32,1.67,2.37,1.71,2.28,1.63,-0.25,2.13,1.81,2.09,1.83,2.13,1.83,2.08,1.8
F1,20/10/2019,16:00,Monaco,Rennes,3,2,H,1,1,D,14,10,5,3,15,15,3,3,2,3,0,0,1.85,3.75,4.2,1.78,3.8,4.5,1.85,3.5,4.4,1.81,3.89,4.5,1.78,3.7,4.4,1.75,3.6,4.5,1.9,3.92,4.7,1.81,3.72,4.42,1.9,1.9,1.93,1.97,1.95,1.98,1.89,1.91,-0.75,2.06,1.87,2.08,1.83,2.15,1.89,2.04,1.83,1.65,4,5.25,1.67,4,5,1.8,3.6,4.5,1.73,3.97,4.95,1.67,3.8,5,1.7,3.8,4.75,1.8,4.06,5.3,1.71,3.88,4.87,1.72,2.1,1.77,2.15,1.85,2.2,1.73,2.11,-0.75,1.98,1.95,1.96,1.96,1.99,2.03,1.92,1.96
F1,20/10/2019,20:00,Marseille,Strasbourg,2,0,H,1,0,H,11,10,6,2,13,15,5,7,3,2,0,0,1.85,3.6,4.33,1.85,3.5,4.5,1.87,3.45,4.45,1.84,3.46,5.05,1.83,3.4,4.6,1.8,3.4,4.5,1.9,3.6,5.05,1.85,3.44,4.6,2.1,1.72,2.16,1.76,2.17,1.8,2.09,1.74,-0.5,1.88,2.05,1.84,2.08,1.89,2.08,1.84,2.02,1.72,3.5,5,1.83,3.4,4.75,1.8,3.45,4.75,1.83,3.51,5.03,1.75,3.5,5,1.75,3.5,5,1.85,3.6,5.3,1.81,3.44,4.86,2.2,1.66,2.24,1.71,2.25,1.76,2.17,1.69,-0.5,1.83,2.1,1.83,2.09,1.85,2.1,1.81,2.06
F1,25/10/2019,19:45,Nantes,Monaco,0,1,A,0,1,A,15,7,4,2,9,13,5,3,2,2,0,0,3,3.3,2.4,2.9,3.3,2.5,2.9,3.2,2.55,2.97,3.23,2.61,2.9,3.1,2.55,2.9,3.25,2.45,3,3.4,2.7,2.91,3.21,2.56,2,1.8,2.11,1.79,2.12,1.84,2.04,1.79,0,2.13,1.81,2.09,1.83,2.13,1.9,2.08,1.81,3.1,3.3,2.3,3.1,3.3,2.35,3,3.3,2.4,2.95,3.48,2.48,3,3.25,2.38,3,3.25,2.4,3.2,3.51,2.55,2.98,3.31,2.42,2,1.8,2.02,1.88,2.1,1.94,1.99,1.83,0.25,1.72,2.07,1.79,2.14,1.9,2.2,1.78,2.11
F1,26/10/2019,16:30,Lille,Bordeaux,3,0,H,1,0,H,11,5,3,1,17,18,3,3,0,2,0,0,1.83,3.6,4.33,1.83,3.6,4.5,1.83,3.55,4.5,1.78,3.79,4.87,1.78,3.6,4.6,1.8,3.4,4.75,1.9,3.79,4.87,1.81,3.59,4.54,2.1,1.72,2.09,1.81,2.19,1.81,2.08,1.75,-0.5,1.84,2.09,1.78,2.15,1.9,2.15,1.81,2.07,1.85,3.6,4.2,1.87,3.4,4.5,1.9,3.4,4.35,1.92,3.44,4.65,1.83,3.5,4.4,1.87,3.3,4.5,1.95,3.68,4.75,1.89,3.39,4.43,2.2,1.66,2.28,1.69,2.35,1.75,2.19,1.68,-0.5,1.92,2.01,1.92,2,1.95,2.03,1.89,1.96
F1,26/10/2019,19:00,Brest,Dijon,2,0,H,0,0,D,15,14,7,5,10,8,9,5,0,0,1,0,2.3,3.2,3.3,2.25,3.3,3.3,2.3,3.2,3.25,2.45,3.19,3.25,2.35,3.2,3.1,2.3,3.13,3.25,2.45,3.36,3.4,2.34,3.19,3.21,2.2,1.66,2.29,1.68,2.29,1.7,2.22,1.66,-0.25,2.03,1.9,2.08,1.83,2.08,1.91,2.01,1.86,2.3,3.2,3.2,2.3,3.3,3.2,2.35,3.25,3.1,2.4,3.34,3.19,2.3,3.2,3.2,2.38,3.25,3,2.48,3.4,3.3,2.36,3.26,3.15,2,1.8,2.02,1.88,2.15,1.88,2.03,1.79,-0.25,2.08,1.85,2.06,1.86,2.09,1.9,2.03,1.84
F1,26/10/2019,19:00,Lyon,Metz,2,0,H,2,0,H,18,16,7,3,12,9,7,2,1,2,0,0,1.44,4.5,7.5,1.44,4.5,7.75,1.46,4.45,7.1,1.43,4.66,8.18,1.4,4.4,8.5,1.44,4.4,7.5,1.48,4.7,8.6,1.44,4.47,7.55,1.8,2,1.81,2.1,1.84,2.15,1.78,2.04,-1.25,2.07,1.86,2.05,1.86,2.07,1.87,2.02,1.84,1.4,4.5,7.5,1.4,4.75,8,1.45,4.5,7,1.44,4.64,8.03,1.42,4.4,7.5,1.4,4.5,8,1.48,4.8,9.4,1.43,4.51,7.62,1.8,2,1.81,2.09,1.84,2.2,1.77,2.05,-1.25,2.03,1.9,2.04,1.88,2.09,1.92,2.02,1.85
F1,26/10/2019,19:00,Montpellier,Angers,0,0,D,0,0,D,14,13,3,6,14,12,5,2,2,3,0,0,2.25,3.1,3.5,2.25,3.1,3.5,2.25,3.15,3.4,2.32,3.15,3.55,2.25,3,3.5,2.2,3.1,3.5,2.34,3.25,3.65,2.26,3.12,3.45,2.37,1.57,2.46,1.6,2.46,1.64,2.35,1.6,-0.25,1.95,1.98,1.98,1.94,1.98,1.99,1.92,1.94,2.2,3.1,3.6,2.25,3.1,3.5,2.2,3.15,3.55,2.24,3.25,3.62,2.2,3.1,3.6,2.2,3.1,3.5,2.3,3.28,3.8,2.21,3.16,3.54,2.37,1.57,2.38,1.63,2.47,1.64,2.35,1.6,-0.25,1.95,1.98,1.92,2,1.97,2.03,1.91,1.97
F1,26/10/2019,19:00,Reims,Nimes,0,0,D,0,0,D,10,7,3,1,15,13,4,6,3,1,0,0,1.83,3.4,4.75,1.83,3.4,4.75,1.85,3.4,4.65,1.87,3.43,4.94,1.83,3.3,4.75,1.8,3.4,4.75,1.9,3.55,4.95,1.84,3.38,4.69,2.2,1.66,2.3,1.67,2.33,1.71,2.24,1.65,-0.5,1.85,2.08,1.87,2.05,1.87,2.08,1.84,2.03,1.65,3.6,5.5,1.67,3.6,5.75,1.75,3.5,5.1,1.65,3.76,6.19,1.63,3.6,5.8,1.65,3.6,5.75,1.75,3.85,6.5,1.65,3.65,5.9,2.1,1.72,2.12,1.79,2.35,1.79,2.17,1.69,-0.75,1.89,2.04,1.87,2.04,1.93,2.04,1.87,2
F1,26/10/2019,19:00,Strasbourg,Nice,1,0,H,1,0,H,20,9,6,5,22,12,4,7,1,3,0,1,2,3.2,4.2,1.95,3.25,4.33,2,3.2,4.15,1.98,3.29,4.6,1.91,3.2,4.4,1.95,3.3,4.1,2.03,3.36,4.6,1.98,3.24,4.23,2.2,1.66,2.26,1.7,2.31,1.71,2.24,1.65,-0.5,2.02,1.91,1.98,1.94,2.02,1.94,1.98,1.88,1.85,3.4,4.5,1.87,3.3,4.75,1.87,3.3,4.55,1.93,3.38,4.69,1.83,3.25,4.8,1.91,3.3,4.3,2.02,3.55,4.95,1.9,3.33,4.51,2.3,1.61,2.29,1.68,2.32,1.79,2.24,1.66,-0.5,1.97,1.96,1.93,1.99,1.99,2.02,1.9,1.96
F1,27/10/2019,14:00,Rennes,Toulouse,3,2,H,2,1,H,14,15,6,5,18,20,7,5,1,2,0,0,1.9,3.4,4.33,1.95,3.3,4.2,1.95,3.35,4.2,2,3.28,4.47,1.95,3.25,4.2,1.91,3.3,4.1,2.04,3.43,4.5,1.96,3.28,4.23,2.1,1.72,2.24,1.71,2.24,1.75,2.15,1.7,-0.5,1.97,1.96,2,1.92,2.01,1.97,1.96,1.91,1.8,3.4,5,1.87,3.5,4.33,1.87,3.65,4.1,1.86,3.73,4.44,1.78,3.6,4.5,1.75,3.7,4.5,1.91,3.8,5.05,1.85,3.61,4.32,1.8,2,1.85,2.05,1.9,2.12,1.82,2,-0.5,1.83,2.1,1.86,2.05,1.95,2.1,1.84,2.03
F1,27/10/2019,16:00,St Etienne,Amiens,2,2,D,1,0,H,15,11,1,5,17,17,5,4,2,3,0,0,1.83,3.5,4.5,1.83,3.6,4.5,1.87,3.55,4.3,1.88,3.53,4.65,1.85,3.4,4.4,1.8,3.5,4.4,1.95,3.65,4.7,1.86,3.51,4.38,2,1.8,2.1,1.81,2.13,1.85,2.05,1.78,-0.5,1.87,2.06,1.88,2.03,1.95,2.06,1.86,2.01,2.25,3.25,3.3,2.25,3.2,3.4,2.3,3.2,3.3,2.34,3.25,3.39,2.2,3.2,3.4,2.25,3.2,3.3,2.37,3.33,3.6,2.27,3.19,3.36,2.2,1.66,2.27,1.69,2.35,1.75,2.19,1.68,-0.25,1.99,1.94,2,1.92,2.02,1.96,1.95,1.92
F1,27/10/2019,20:00,Paris SG,Marseille,4,0,H,4,0,H,11,5,7,1,10,6,5,3,2,1,0,0,1.22,7,11,1.22,6.75,12.5,1.25,6.4,11,1.24,6.74,12.72,1.22,6.5,12,1.22,6.25,11,1.26,7.15,13.25,1.23,6.56,11.49,1.4,3,1.41,3.1,1.43,3.1,1.4,2.93,-1.75,1.9,2.03,1.9,2.01,1.92,2.07,1.86,2.01,1.16,7,15,1.19,7.25,14,1.22,6.2,13.5,1.21,7.77,12.44,1.17,7.5,15,1.17,7.5,15,1.23,8,15,1.2,7.29,12.58,1.33,3.4,1.33,3.54,1.37,3.66,1.33,3.3,-2,1.9,2.03,1.88,2.04,2,2.04,1.89,1.97
F1,01/11/2019,19:45,Dijon,Paris SG,2,1,H,1,1,D,10,20,6,4,12,9,3,6,3,2,0,0,15,7,1.16,13,7,1.2,13,7,1.2,13.5,7.41,1.2,17,7,1.17,15,7,1.18,17.25,8,1.23,13.83,7.15,1.2,1.36,3.2,1.4,3.1,1.43,3.2,1.38,3.01,2,1.92,2.01,1.9,2,1.95,2.02,1.9,1.96,11,6,1.22,12.5,6.75,1.22,13,7,1.2,11.27,6.78,1.24,13,6.5,1.2,11.5,6.5,1.22,15,7.2,1.27,11.76,6.59,1.23,1.4,3,1.38,3.15,1.44,3.22,1.39,2.95,2,1.77,2.02,1.82,2.09,1.87,2.2,1.79,2.09
F1,02/11/2019,16:30,Marseille,Lille,2,1,H,0,0,D,11,6,1,2,13,15,4,4,1,3,0,0,2.2,3.2,3.5,2.25,3.3,3.3,2.25,3.25,3.3,2.3,3.29,3.43,2.25,3.2,3.3,2.25,3.25,3.25,2.33,3.4,3.5,2.26,3.26,3.33,2.1,1.72,2.14,1.78,2.14,1.8,2.07,1.76,-0.25,1.98,1.95,1.98,1.94,1.98,1.98,1.94,1.93,2.05,3.3,3.8,2,3.3,4.1,2.15,3.25,3.65,2.15,3.22,3.94,2.05,3.2,3.9,2.05,3.2,3.9,2.25,3.36,4.15,2.1,3.22,3.83,2.3,1.61,2.39,1.63,2.42,1.77,2.29,1.63,-0.25,1.84,2.09,1.83,2.1,1.95,2.18,1.81,2.07
F1,02/11/2019,19:00,Amiens,Brest,1,0,H,1,0,H,6,14,2,3,12,11,3,9,3,1,0,0,1.72,3.6,5,1.75,3.7,4.75,1.77,3.7,4.6,1.76,3.91,4.81,1.73,3.75,4.6,1.73,3.7,4.8,1.8,3.95,5,1.76,3.76,4.64,1.9,1.9,2,1.9,2.01,1.91,1.96,1.85,-0.75,2.03,1.9,2.03,1.88,2.03,1.9,2,1.87,1.61,3.75,6,1.65,3.8,5.5,1.6,3.85,5.8,1.6,3.99,6.34,1.57,3.9,6,1.6,3.8,5.75,1.7,4.1,6.44,1.62,3.86,5.83,2,1.8,2,1.9,2.13,1.94,1.98,1.83,-0.75,1.83,2.1,1.79,2.13,1.95,2.14,1.81,2.07
F1,02/11/2019,19:00,Angers,Strasbourg,1,0,H,1,0,H,9,8,5,3,13,20,4,8,1,1,0,0,2.05,3.1,4.2,2.1,3.1,4,2.05,3.15,4,2.07,3.11,4.45,2,3.2,4,2.05,3.2,3.9,2.11,3.3,4.45,2.06,3.13,4.08,2.37,1.57,2.47,1.59,2.47,1.63,2.4,1.57,-0.5,2.09,1.84,2.07,1.85,2.1,1.85,2.06,1.81,2.1,3.1,4,2.2,3,3.8,2.1,3.15,3.95,2.2,3.16,3.87,2.1,3,4,2.2,3.1,3.6,2.25,3.21,4.32,2.15,3.09,3.82,2.37,1.57,2.43,1.61,2.49,1.62,2.4,1.57,-0.25,1.89,2.04,1.86,2.05,1.9,2.14,1.85,2.03
F1,02/11/2019,19:00,Metz,Montpellier,2,2,D,1,0,H,11,12,4,4,12,19,5,3,1,2,0,0,2.75,3,2.87,2.7,3,2.9,2.65,3.1,2.9,2.79,3.19,2.79,2.7,3.1,2.7,2.7,3,2.8,2.8,3.22,2.91,2.7,3.08,2.81,2.5,1.53,2.49,1.59,2.55,1.6,2.44,1.55,0,1.95,1.98,1.96,1.96,1.96,1.99,1.9,1.96,3.25,3,2.37,3.1,3,2.55,3.2,2.95,2.5,3.35,2.95,2.56,3.2,3,2.45,3.1,2.9,2.55,3.4,3.1,2.7,3.18,2.96,2.52,2.75,1.44,2.88,1.46,2.88,1.57,2.66,1.48,0.25,1.81,2.13,1.79,2.14,1.85,2.22,1.77,2.13
F1,02/11/2019,19:00,Toulouse,Lyon,2,3,A,1,1,D,12,21,5,8,10,4,5,5,3,0,0,0,5,3.6,1.75,4.5,3.75,1.78,4.35,3.85,1.77,4.5,3.81,1.83,4.33,3.75,1.78,4.4,3.8,1.75,5,3.92,1.84,4.42,3.77,1.79,1.72,2.1,1.74,2.19,1.79,2.2,1.72,2.13,0.75,1.87,2.06,1.85,2.07,1.88,2.07,1.85,2.02,5,3.8,1.66,5,4,1.67,4.4,3.7,1.8,4.66,4.08,1.75,4.8,3.9,1.67,4.6,3.9,1.7,5.25,4.2,1.8,4.67,3.95,1.72,1.61,2.3,1.68,2.3,1.69,2.37,1.64,2.25,0.75,1.98,1.95,1.96,1.96,1.99,1.96,1.94,1.93
F1,03/11/2019,14:00,Bordeaux,Nantes,2,0,H,1,0,H,10,9,7,2,18,17,6,9,4,3,0,0,2.25,3,3.75,2.35,3,3.4,2.35,2.95,3.45,2.37,3.07,3.54,2.3,3,3.4,2.3,2.9,3.4,2.38,3.16,3.75,2.33,3.02,3.46,2.75,1.44,2.89,1.45,2.89,1.49,2.75,1.45,-0.25,2,1.93,2.01,1.91,2.01,1.94,1.97,1.89,2.45,3,3.2,2.45,2.85,3.4,2.4,2.9,3.45,2.59,2.9,3.35,2.45,2.9,3.25,2.45,2.9,3.25,2.63,3.07,3.6,2.5,2.88,3.31,2.75,1.44,2.84,1.47,3,1.49,2.77,1.44,-0.25,2.16,1.78,2.16,1.78,2.2,1.95,2.11,1.78
F1,03/11/2019,16:00,Nice,Reims,2,0,H,2,0,H,12,11,6,3,11,17,5,4,1,3,0,1,2.7,3.1,2.8,2.7,3,2.85,2.65,3.1,2.85,2.69,3.1,2.99,2.62,3,2.88,2.6,3,2.88,2.73,3.17,3,2.63,3.05,2.9,2.5,1.53,2.61,1.54,2.61,1.56,2.5,1.53,0,1.85,2.08,1.85,2.07,1.88,2.11,1.83,2.04,2.7,3.1,2.8,2.95,2.9,2.7,2.9,3,2.65,2.89,3,2.86,2.8,3,2.7,2.8,3,2.7,3.02,3.16,3.04,2.83,2.98,2.76,2.5,1.53,2.65,1.53,2.65,1.56,2.52,1.52,0,2,1.93,1.97,1.94,2.02,2.06,1.96,1.91
F1,03/11/2019,20:00,St Etienne,Monaco,1,0,H,0,0,D,12,11,5,2,13,10,2,1,1,1,0,1,2.9,3.25,2.5,2.8,3.5,2.45,2.8,3.5,2.45,2.94,3.54,2.46,2.8,3.6,2.35,2.8,3.4,2.38,2.94,3.74,2.5,2.83,3.49,2.43,1.72,2.1,1.72,2.21,1.76,2.21,1.72,2.13,0.25,1.72,2.07,1.8,2.12,1.82,2.16,1.77,2.1,3,3.5,2.3,3.1,3.5,2.25,2.8,3.4,2.5,3.09,3.45,2.4,3,3.4,2.3,3,3.4,2.3,3.15,3.58,2.5,3.02,3.41,2.35,1.8,2,1.85,2.05,1.9,2.17,1.8,2.02,0.25,1.89,2.04,1.85,2.07,1.96,2.1,1.84,2.04
F1,08/11/2019,19:45,Nice,Bordeaux,1,1,D,1,0,H,10,10,5,4,13,16,3,4,2,2,0,0,2.4,3.1,3.3,2.45,3.1,3.1,2.45,3.05,3.2,2.48,3.1,3.31,2.4,3,3.2,2.4,3.1,3.13,2.52,3.19,3.34,2.43,3.07,3.2,2.37,1.57,2.46,1.6,2.55,1.61,2.41,1.57,-0.25,2.09,1.84,2.09,1.83,2.12,1.87,2.07,1.81,2.05,3.2,3.75,2.25,3.1,3.5,2.1,3.1,3.85,2.2,3.17,3.86,2.05,3.1,4,2.1,3.2,3.75,2.38,3.23,4,2.18,3.12,3.72,2.37,1.57,2.47,1.6,2.48,1.64,2.39,1.58,-0.25,1.77,2.02,1.87,2.05,2,2.17,1.84,2.03
F1,09/11/2019,16:30,Brest,Paris SG,1,2,A,0,1,A,17,18,4,8,10,13,5,4,1,2,0,0,13,7.5,1.2,10.5,7.5,1.22,11.5,6.8,1.22,10.63,7.2,1.24,13,6.5,1.2,15,7,1.18,15,7.5,1.25,12.04,6.87,1.22,1.44,2.75,1.44,2.91,1.46,2.95,1.43,2.81,2,1.9,2.03,1.88,2.01,1.91,2.07,1.86,2.01,12,6.5,1.22,10.5,6.25,1.26,9.6,5.5,1.3,11.61,6.85,1.25,12,6.5,1.22,13,6.25,1.22,13.5,6.9,1.3,11.24,6.36,1.25,1.53,2.5,1.53,2.64,1.56,2.72,1.52,2.5,1.75,1.98,1.95,2,1.92,2.07,2,1.95,1.91
F1,09/11/2019,19:00,Lille,Metz,0,0,D,0,0,D,13,4,5,1,16,13,9,1,2,2,0,0,1.57,3.6,7,1.57,3.9,6.25,1.6,3.9,5.8,1.6,4.08,6.1,1.57,3.9,6,1.57,3.75,6.5,1.63,4.15,7,1.59,3.94,5.98,2.1,1.72,2.22,1.72,2.22,1.76,2.14,1.71,-1,2.13,1.81,2.15,1.78,2.15,1.84,2.08,1.79,1.53,3.75,7.5,1.57,3.9,6.5,1.55,3.85,6.8,1.54,3.94,7.78,1.5,3.9,7.5,1.5,3.8,7.5,1.6,4.1,8.3,1.54,3.88,7.05,2.3,1.61,2.31,1.67,2.36,1.76,2.25,1.65,-1,2.04,1.89,2.05,1.86,2.1,1.97,1.99,1.87
F1,09/11/2019,19:00,Monaco,Dijon,1,0,H,1,0,H,18,15,7,3,11,8,6,9,2,0,0,0,1.4,4.75,8.5,1.4,5,7.5,1.42,4.75,7.1,1.42,4.92,7.88,1.4,4.75,7.5,1.4,4.75,7.5,1.44,5.05,8.5,1.41,4.78,7.43,1.57,2.37,1.56,2.55,1.67,2.55,1.57,2.4,-1.25,1.96,1.97,1.95,1.97,1.96,1.98,1.92,1.93,1.4,4.5,8.5,1.44,4.75,7,1.5,4.3,6.5,1.42,5.12,7.43,1.4,4.75,7.5,1.4,4.8,7.5,1.5,5.2,8.5,1.42,4.88,7.07,1.5,2.62,1.5,2.75,1.55,2.75,1.51,2.57,-1.25,1.93,2,1.93,1.98,1.98,2.02,1.92,1.95
F1,09/11/2019,19:00,Reims,Angers,0,0,D,0,0,D,9,13,2,2,14,11,2,12,1,3,0,1,2.25,3,3.75,2.25,3,3.7,2.3,3,3.55,2.35,3.04,3.64,2.3,2.9,3.6,2.25,3,3.6,2.4,3.16,3.75,2.29,3,3.56,2.75,1.44,2.86,1.46,2.86,1.53,2.69,1.46,-0.25,1.96,1.97,1.98,1.93,2,1.98,1.94,1.93,2.55,3,3,2.4,3,3.3,2.7,2.95,2.95,2.67,2.98,3.14,2.55,3,3,2.63,2.9,3,2.78,3.09,3.5,2.61,2.94,3.08,2.62,1.5,2.75,1.49,2.88,1.56,2.66,1.47,-0.25,2.15,1.67,2.24,1.72,2.29,1.85,2.19,1.71
F1,09/11/2019,19:00,Strasbourg,Nimes,4,1,H,2,0,H,20,10,10,4,13,9,2,2,2,2,0,1,1.85,3.5,4.5,1.87,3.4,4.6,1.9,3.4,4.4,1.93,3.36,4.75,1.85,3.3,4.6,1.83,3.4,4.6,1.95,3.52,4.8,1.89,3.36,4.46,2.2,1.66,2.28,1.68,2.31,1.73,2.22,1.66,-0.5,1.91,2.02,1.93,2,1.93,2.04,1.89,1.98,1.83,3.5,4.33,1.83,3.4,4.75,1.8,3.45,4.9,1.87,3.42,4.94,1.78,3.5,4.8,1.85,3.4,4.5,1.93,3.7,5.3,1.84,3.4,4.72,2.2,1.66,2.27,1.69,2.31,1.76,2.21,1.67,-0.5,1.89,2.04,1.87,2.05,1.9,2.14,1.85,2.02
F1,10/11/2019,14:00,Rennes,Amiens,3,1,H,1,1,D,22,13,11,6,12,17,5,3,3,4,0,0,2,3.25,4,2.2,3.2,3.5,2.15,3.25,3.6,2.11,3.42,3.78,2.1,3.25,3.6,2.05,3.2,3.7,2.2,3.42,4,2.14,3.27,3.59,2.2,1.66,2.22,1.72,2.28,1.73,2.21,1.67,-0.25,1.83,2.1,1.81,2.11,1.88,2.11,1.82,2.06,1.95,3.3,4,2.1,3.2,3.8,2.1,3.25,3.8,2.11,3.35,3.88,2.05,3.25,3.8,2.1,3.2,3.7,2.17,3.4,4.14,2.08,3.27,3.79,2.2,1.66,2.24,1.71,2.35,1.75,2.21,1.67,-0.25,1.84,2.09,1.81,2.12,1.84,2.13,1.8,2.09
F1,10/11/2019,16:00,Montpellier,Toulouse,3,0,H,1,0,H,8,6,3,2,19,17,1,3,2,2,0,0,1.8,3.5,4.75,1.78,3.5,5,1.77,3.55,4.75,1.79,3.6,5.15,1.75,3.5,5,1.75,3.5,4.75,1.83,3.7,5.25,1.78,3.55,4.77,2.1,1.72,2.14,1.78,2.17,1.8,2.1,1.74,-0.75,2.07,1.86,2.07,1.85,2.07,1.87,2.04,1.83,1.75,3.5,4.75,1.78,3.6,4.75,1.8,3.6,4.65,1.83,3.63,4.83,1.78,3.5,4.75,1.8,3.5,4.6,1.85,3.67,5,1.81,3.55,4.66,2,1.8,2.07,1.83,2.13,1.88,2.01,1.81,-0.75,2,1.8,2.11,1.81,2.14,1.84,2.07,1.8
F1,10/11/2019,16:00,Nantes,St Etienne,2,3,A,2,2,D,9,11,6,4,6,9,3,3,1,0,0,0,2.05,3.3,3.8,2.15,3,3.9,2.15,3.15,3.75,2.12,3.22,4.06,2.1,3.1,3.9,2.1,3.1,3.75,2.19,3.3,4.2,2.12,3.16,3.81,2.5,1.53,2.51,1.58,2.52,1.65,2.43,1.56,-0.25,1.84,2.09,1.79,2.13,1.84,2.15,1.8,2.08,1.83,3.5,4.33,1.83,3.4,4.75,1.9,3.35,4.45,1.88,3.51,4.68,1.83,3.4,4.5,1.83,3.4,4.5,1.92,3.6,4.75,1.87,3.41,4.52,2.2,1.66,2.26,1.69,2.4,1.71,2.23,1.66,-0.5,1.88,2.05,1.88,2.03,1.9,2.09,1.86,2
F1,10/11/2019,20:00,Marseille,Lyon,2,1,H,2,0,H,10,11,4,4,14,9,6,7,3,0,1,0,2.6,3.5,2.7,2.6,3.4,2.7,2.65,3.35,2.65,2.69,3.53,2.67,2.6,3.4,2.6,2.6,3.3,2.6,2.83,3.55,2.75,2.62,3.39,2.65,1.8,2,1.89,2,1.89,2.06,1.84,1.98,0,1.95,1.98,1.97,1.95,2.09,1.98,1.93,1.94,2.3,3.5,3,2.35,3.3,3.1,2.35,3.35,3.05,2.45,3.44,3.02,2.35,3.4,2.9,2.45,3.3,2.88,2.65,3.58,3.1,2.4,3.37,2.99,1.9,1.9,1.92,1.98,1.98,2.1,1.88,1.93,0,1.72,2.07,1.76,2.18,1.93,2.22,1.74,2.15
F1,22/11/2019,19:45,Paris SG,Lille,2,0,H,2,0,H,11,13,4,8,13,11,6,5,2,0,0,0,1.28,5.75,9.5,1.28,5.75,11,1.3,5.6,9.5,1.28,6.17,10.94,1.25,5.8,11,1.25,6,10.5,1.3,6.44,12.5,1.27,5.92,10.59,1.44,2.75,1.47,2.84,1.49,2.84,1.45,2.69,-1.75,2.04,1.89,2.04,1.88,2.04,1.9,2,1.86,1.3,5.5,9.5,1.28,5.75,10.5,1.3,5.6,9.5,1.32,5.77,9.87,1.27,5.5,11,1.3,5.4,9.5,1.33,6.1,11.5,1.29,5.72,9.73,1.5,2.62,1.49,2.78,1.51,2.82,1.46,2.69,-1.5,1.97,1.96,2,1.92,2.01,2.1,1.9,1.96
F1,23/11/2019,16:30,Lyon,Nice,2,1,H,2,0,H,9,17,4,7,13,13,3,6,2,4,1,1,1.44,4.5,7,1.42,4.6,7.5,1.5,4.3,6.5,1.47,4.48,7.61,1.44,4.33,7.5,1.44,4.4,7,1.5,4.75,8,1.45,4.48,7.03,1.72,2.1,1.72,2.22,1.85,2.22,1.71,2.15,-1.25,2.07,1.86,2.08,1.83,2.08,1.89,2.02,1.84,1.53,4,6.5,1.57,4.2,5.75,1.55,4,6.2,1.58,4.41,5.82,1.52,4.2,6,1.55,4.2,5.75,1.6,4.48,6.65,1.56,4.19,5.79,1.66,2.2,1.68,2.28,1.75,2.29,1.67,2.21,-1,2.01,1.92,2,1.92,2.03,2.02,1.96,1.9
F1,23/11/2019,19:00,Amiens,Strasbourg,0,4,A,0,1,A,5,17,0,9,7,8,3,7,2,1,1,0,2.4,3.1,3.1,2.5,2.95,3.2,2.5,3.05,3.1,2.53,3.04,3.28,2.45,3,3.1,2.45,3,3.1,2.55,3.17,3.31,2.47,3.02,3.15,2.37,1.57,2.43,1.61,2.48,1.63,2.36,1.59,-0.25,2.14,1.8,2.13,1.8,2.14,1.83,2.1,1.78,2.3,3.1,3.25,2.5,2.95,3.2,2.35,3.05,3.3,2.41,3.12,3.4,2.3,3.1,3.3,2.3,3.1,3.3,2.55,3.2,3.45,2.4,3.03,3.28,2.37,1.57,2.46,1.6,2.49,1.62,2.4,1.57,-0.25,2.04,1.89,2.04,1.88,2.12,1.9,2.03,1.84
F1,23/11/2019,19:00,Angers,Nimes,1,0,H,0,0,D,21,10,7,2,12,6,3,2,2,1,0,0,1.7,3.6,5.5,1.7,3.7,5.25,1.7,3.65,5.2,1.69,3.85,5.54,1.67,3.7,5.25,1.7,3.6,5.25,1.76,3.9,5.55,1.7,3.68,5.2,2,1.8,2.08,1.83,2.14,1.83,2.06,1.77,-0.75,1.94,1.99,1.93,2,1.96,2.01,1.9,1.96,1.75,3.6,4.75,1.83,3.6,4.4,1.83,3.6,4.45,1.84,3.71,4.63,1.8,3.5,4.6,1.8,3.5,4.5,1.94,3.71,5.25,1.81,3.58,4.53,2,1.8,2.05,1.85,2.13,1.88,2.02,1.8,-0.5,1.85,2.08,1.84,2.08,1.92,2.11,1.82,2.04
F1,23/11/2019,19:00,Brest,Nantes,1,1,D,0,1,A,13,11,4,4,8,11,6,5,2,1,0,0,2.9,3.1,2.6,2.9,3.1,2.6,2.85,3.15,2.6,2.95,3.2,2.64,2.88,3.1,2.55,2.9,3.1,2.55,3.01,3.24,2.72,2.88,3.11,2.59,2.3,1.61,2.28,1.68,2.36,1.71,2.26,1.64,0,2.07,1.86,2.07,1.85,2.08,1.88,2.03,1.83,2.55,3.2,2.8,2.9,3.1,2.6,2.6,3.15,2.85,2.7,3.25,2.84,2.55,3.2,2.8,2.55,3.13,2.88,2.9,3.3,2.92,2.67,3.13,2.79,2.3,1.61,2.27,1.69,2.37,1.69,2.28,1.63,0,1.9,2.03,1.91,2.01,1.98,2.06,1.88,1.98
F1,23/11/2019,19:00,Dijon,Rennes,2,1,H,0,0,D,16,11,6,4,18,15,4,4,1,2,0,0,3,3.2,2.55,2.9,3.3,2.35,2.85,3.25,2.55,2.89,3.36,2.59,2.8,3.25,2.5,2.88,3.2,2.55,3,3.4,2.62,2.85,3.27,2.52,2.1,1.72,2.16,1.76,2.23,1.77,2.12,1.72,0,2.07,1.86,2.07,1.85,2.08,1.86,2.04,1.82,2.87,3.2,2.55,2.9,3.3,2.35,2.9,3.2,2.55,2.95,3.22,2.63,2.88,3.1,2.55,2.8,3.2,2.55,3.12,3.36,2.7,2.87,3.22,2.54,2.1,1.72,2.13,1.78,2.17,1.8,2.1,1.74,0,2.08,1.85,2.07,1.85,2.09,1.88,2.03,1.83
F1,23/11/2019,19:00,Metz,Reims,1,1,D,0,1,A,9,18,2,6,14,13,6,5,2,2,0,1,2.8,2.9,2.9,2.8,2.85,2.9,2.8,2.9,2.85,2.84,2.95,2.96,2.8,2.88,2.8,2.8,2.88,2.8,2.92,3.03,3,2.8,2.9,2.84,2.75,1.44,2.96,1.44,2.96,1.47,2.79,1.44,0,1.94,1.99,1.92,2,1.97,2.05,1.91,1.95,3.1,2.9,2.55,3.1,2.8,2.7,3.2,2.85,2.55,3.32,2.91,2.61,3.2,2.8,2.55,3.13,2.88,2.55,3.34,3.02,2.88,3.13,2.84,2.63,3,1.4,2.87,1.46,3,1.46,2.82,1.42,0,2.1,1.7,2.22,1.74,2.23,1.94,2.12,1.76
F1,24/11/2019,14:00,Bordeaux,Monaco,2,1,H,1,1,D,17,11,6,3,16,20,5,12,3,5,0,1,3.5,3.4,2.1,3.3,3.5,2.15,3.3,3.5,2.15,3.44,3.63,2.16,3.25,3.5,2.15,3.4,3.3,2.1,3.5,3.63,2.31,3.28,3.48,2.17,1.9,1.9,1.88,2.01,2.03,2.02,1.87,1.94,0.25,2.04,1.89,2.04,1.88,2.05,1.95,1.99,1.86,3.5,3.5,2.05,3.25,3.6,2.15,3.35,3.55,2.1,3.37,3.65,2.18,3.4,3.5,2.1,3.25,3.5,2.15,3.94,3.7,2.25,3.33,3.54,2.13,1.8,2,1.81,2.1,1.85,2.13,1.78,2.03,0.25,2.02,1.91,2.02,1.89,2.03,1.93,1.99,1.87
F1,24/11/2019,16:00,St Etienne,Montpellier,0,0,D,0,0,D,9,8,2,2,18,19,1,5,3,3,0,0,2.4,3.1,3.2,2.3,3.2,3.3,2.35,3.2,3.2,2.33,3.3,3.36,2.3,3.2,3.2,2.3,3.1,3.2,2.41,3.34,3.36,2.33,3.21,3.19,2.3,1.61,2.36,1.65,2.36,1.68,2.28,1.63,-0.25,2.03,1.9,2,1.92,2.05,1.92,1.99,1.86,2.62,3.1,2.75,2.55,3.1,3,2.7,3.1,2.8,2.81,3.11,2.85,2.6,3,2.9,2.75,3.1,2.7,2.82,3.33,3.17,2.68,3.08,2.83,2.5,1.53,2.53,1.57,2.53,1.68,2.36,1.59,0,1.94,1.99,1.94,1.97,1.96,2.28,1.88,1.98
F1,24/11/2019,20:00,Toulouse,Marseille,0,2,A,0,0,D,10,14,3,7,16,13,1,7,3,3,1,0,3.2,3.5,2.15,3.3,3.4,2.2,3.2,3.4,2.25,3.25,3.46,2.31,3.2,3.4,2.2,3.2,3.25,2.2,3.5,3.6,2.31,3.17,3.42,2.23,2,1.8,2.02,1.88,2.06,1.89,1.99,1.82,0.25,1.93,2,1.92,2,1.95,2.01,1.9,1.95,3.4,3.5,2.05,3.4,3.6,2.1,3.3,3.5,2.15,3.45,3.59,2.17,3.4,3.4,2.1,3.5,3.5,2.05,3.92,3.65,2.2,3.4,3.51,2.12,1.8,2,1.86,2.03,1.9,2.15,1.83,1.97,0.25,2.03,1.9,2.04,1.88,2.18,1.94,2.02,1.84
F1,29/11/2019,19:45,Marseille,Brest,2,1,H,0,0,D,34,4,10,1,11,14,8,0,0,2,0,0,1.36,4.5,8.5,1.4,4.5,8.5,1.45,4.4,7.2,1.41,4.76,8.57,1.38,4.6,8.5,1.36,4.6,9,1.45,4.85,9,1.41,4.6,8.21,1.8,2,1.84,2.06,1.87,2.09,1.81,2.01,-1.25,1.96,1.97,1.98,1.94,2.01,1.98,1.95,1.91,1.4,4.5,7.5,1.4,4.6,8.25,1.45,4.4,7.2,1.4,4.87,8.88,1.38,4.6,8.5,1.4,4.6,8,1.45,5,9.05,1.4,4.67,8.04,1.72,2.1,1.73,2.21,1.79,2.24,1.72,2.12,-1.25,2,1.93,2.01,1.91,2.03,2.02,1.95,1.9
F1,30/11/2019,16:30,Strasbourg,Lyon,1,2,A,1,1,D,9,8,2,4,12,11,3,1,3,1,0,0,2.8,3.25,2.55,2.85,3.3,2.5,2.7,3.25,2.65,2.8,3.29,2.72,2.8,3.1,2.6,2.7,3.25,2.6,2.94,3.45,2.77,2.76,3.23,2.62,2,1.8,2.02,1.88,2.06,1.89,2,1.82,0,1.99,1.94,1.99,1.93,2.14,1.95,1.98,1.88,2.37,3.25,3,2.5,3.25,2.9,2.4,3.25,3.05,2.44,3.3,3.15,2.45,3.2,3,2.38,3.2,3,2.64,3.34,3.2,2.44,3.24,3,2.1,1.72,2.15,1.76,2.17,1.84,2.05,1.77,0,1.7,2.1,1.73,2.23,1.84,2.23,1.73,2.17
F1,30/11/2019,19:00,Lille,Dijon,1,0,H,1,0,H,19,8,5,0,16,16,11,3,2,1,0,0,1.45,4.2,7,1.53,4.1,6.75,1.5,4.15,6.7,1.49,4.32,7.71,1.47,4,7.5,1.5,4.1,7,1.59,4.33,7.71,1.51,4.12,6.82,1.9,1.9,1.95,1.95,2.04,1.95,1.95,1.87,-1,1.9,2.03,1.88,2.04,2.06,2.04,1.89,1.97,1.44,4.2,7,1.42,4.5,8,1.5,4.3,6.5,1.41,4.72,8.83,1.4,4.5,8,1.4,4.5,8,1.5,5,8.95,1.42,4.53,7.8,1.8,2,1.85,2.05,1.9,2.07,1.82,1.98,-1.25,2.06,1.87,2.06,1.85,2.1,1.9,2.03,1.84
F1,30/11/2019,19:00,Montpellier,Amiens,4,2,H,1,1,D,20,6,10,2,13,15,4,2,1,2,0,1,1.75,3.4,5.25,1.78,3.5,5,1.8,3.5,4.8,1.79,3.55,5.2,1.78,3.4,5,1.8,3.4,4.8,1.86,3.59,5.3,1.78,3.46,4.85,2.3,1.61,2.36,1.65,2.36,1.69,2.28,1.62,-0.75,2.09,1.84,2.09,1.83,2.13,1.85,2.05,1.8,1.66,3.6,5.75,1.72,3.5,5.5,1.67,3.65,5.6,1.74,3.6,5.66,1.65,3.5,5.8,1.67,3.6,5.5,1.78,3.7,6.1,1.7,3.56,5.52,2.2,1.66,2.28,1.69,2.35,1.72,2.21,1.66,-0.75,2.01,1.92,1.99,1.93,2.03,2.02,1.94,1.92
F1,30/11/2019,19:00,Nice,Angers,3,1,H,1,1,D,10,10,7,4,10,13,0,7,2,1,0,0,2.55,3,3.1,2.6,3,3,2.6,3.05,2.95,2.66,3.09,3.04,2.6,3,2.9,2.6,3,2.9,2.71,3.18,3.1,2.59,3.03,2.95,2.37,1.57,2.47,1.59,2.55,1.61,2.41,1.56,0,1.84,2.09,1.83,2.09,1.88,2.09,1.81,2.05,2.15,3.2,3.5,2.25,3.2,3.4,2.2,3.2,3.55,2.24,3.3,3.57,2.15,3.2,3.5,2.15,3.25,3.5,2.35,3.32,3.7,2.21,3.18,3.5,2.2,1.66,2.21,1.73,2.39,1.75,2.19,1.68,-0.25,1.91,2.02,1.93,2,1.94,2.04,1.88,1.98
F1,30/11/2019,19:00,Nimes,Metz,1,1,D,0,1,A,14,10,3,4,12,19,6,2,1,6,0,0,1.95,3.3,4.2,2.05,3.4,3.75,2,3.3,4,2.03,3.39,4.16,2,3.25,4,1.95,3.25,4.1,2.13,3.45,4.25,2.01,3.3,3.95,2.3,1.61,2.33,1.66,2.33,1.69,2.26,1.64,-0.5,2.02,1.91,2.03,1.89,2.05,1.91,2,1.85,2.05,3.3,3.8,2.15,3.25,3.6,2.1,3.2,3.8,2.09,3.25,4.1,2,3.25,3.9,2.05,3.13,3.9,2.25,3.36,4.15,2.09,3.21,3.83,2.37,1.57,2.43,1.61,2.47,1.65,2.35,1.59,-0.25,1.82,2.11,1.78,2.16,1.95,2.19,1.78,2.11
F1,30/11/2019,19:00,Reims,Bordeaux,1,1,D,0,1,A,19,5,6,1,14,14,15,2,2,1,1,0,2.05,3.1,4,2.05,3.1,4.1,2.05,3.05,4.25,2.08,3.13,4.39,2,3.1,4.2,2,3,4.4,2.11,3.25,4.4,2.04,3.09,4.19,2.75,1.44,2.87,1.46,2.88,1.48,2.74,1.45,-0.5,2.06,1.87,2.08,1.84,2.1,1.89,2.03,1.83,2.15,3.1,3.6,2.15,2.95,4.1,2.15,2.95,3.95,2.28,2.98,3.92,2.15,3.1,3.7,2.25,2.9,3.7,2.3,3.2,4.2,2.21,2.96,3.83,3,1.4,2.86,1.46,3.05,1.48,2.76,1.44,-0.25,1.92,2.01,1.92,2,1.94,2.1,1.88,1.98
F1,01/12/2019,14:00,Nantes,Toulouse,2,1,H,1,0,H,21,7,8,3,15,15,10,4,1,3,0,1,1.8,3.5,4.75,1.8,3.4,5,1.8,3.55,4.65,1.83,3.48,5.14,1.78,3.5,4.8,1.75,3.5,4.75,1.85,3.68,5.2,1.8,3.49,4.75,2.1,1.72,2.17,1.75,2.17,1.81,2.08,1.75,-0.75,2.07,1.86,2.1,1.82,2.1,1.87,2.04,1.82,1.7,3.6,5.25,1.72,3.5,5.5,1.73,3.6,5.1,1.76,3.56,5.47,1.7,3.5,5.25,1.7,3.6,5.2,1.78,3.7,5.8,1.74,3.56,5.13,2,1.8,2.08,1.82,2.13,1.85,2.04,1.78,-0.75,2.04,1.89,2.02,1.89,2.07,1.92,1.99,1.87
F1,01/12/2019,16:00,Rennes,St Etienne,2,1,H,1,1,D,14,5,5,1,15,11,6,1,1,3,0,0,2,3.3,4,1.95,3.4,4.2,2,3.35,4,2,3.43,4.25,1.95,3.4,4,1.95,3.25,4,2.02,3.55,4.25,1.98,3.34,4.03,2.2,1.66,2.21,1.73,2.25,1.74,2.18,1.69,-0.5,2.01,1.92,2,1.93,2.02,1.93,1.98,1.87,1.9,3.4,4.33,1.95,3.3,4.2,1.97,3.3,4.2,1.99,3.31,4.48,1.95,3.3,4.2,2,3.3,3.9,2.09,3.46,4.48,1.97,3.29,4.17,2.2,1.66,2.28,1.68,2.35,1.74,2.19,1.68,-0.5,2.03,1.9,1.99,1.93,2.06,1.93,1.99,1.86
F1,03/12/2019,18:00,Angers,Marseille,0,2,A,0,2,A,9,10,2,4,11,11,3,1,1,1,0,0,2.9,3.25,2.5,2.9,3.3,2.5,2.9,3.2,2.5,2.98,3.23,2.6,2.88,3.2,2.5,2.9,3.2,2.5,3.03,3.39,2.62,2.92,3.24,2.51,2.1,1.72,2.16,1.76,2.19,1.78,2.12,1.73,0.25,1.7,2.1,1.74,2.21,1.8,2.23,1.74,2.15,3,3.25,2.4,3.1,3.2,2.4,2.95,3.2,2.5,3.12,3.27,2.48,3.1,3.2,2.35,3.13,3.13,2.38,3.3,3.34,2.5,3.08,3.21,2.41,2.2,1.66,2.34,1.66,2.34,1.76,2.16,1.7,0.25,1.84,2.09,1.81,2.11,1.95,2.12,1.81,2.05
F1,03/12/2019,18:00,Bordeaux,Nimes,6,0,H,2,0,H,12,7,8,1,14,13,0,6,2,1,0,0,1.95,3.25,4.33,1.91,3.3,4.5,1.9,3.35,4.35,1.93,3.46,4.56,1.88,3.3,4.4,1.87,3.3,4.5,1.96,3.49,4.65,1.92,3.34,4.38,2.3,1.61,2.31,1.67,2.33,1.69,2.26,1.64,-0.5,1.92,2.01,1.93,1.99,1.95,2.01,1.91,1.95,1.95,3.2,4.2,1.95,3.3,4.2,1.9,3.3,4.4,2.04,3.34,4.2,1.91,3.25,4.33,2,3.25,4,2.05,3.43,4.66,1.99,3.28,4.09,2.2,1.66,2.3,1.68,2.33,1.76,2.24,1.65,-0.5,2.04,1.89,2.04,1.88,2.04,1.93,1.99,1.86
F1,03/12/2019,18:00,Brest,Strasbourg,5,0,H,2,0,H,11,9,8,3,9,11,3,7,2,1,0,0,3.5,3.2,2.25,3.4,3.2,2.25,3.45,3.15,2.25,3.51,3.25,2.29,3.4,3.1,2.25,3.5,3.13,2.2,3.55,3.32,2.35,3.4,3.18,2.27,2.3,1.61,2.34,1.65,2.42,1.67,2.3,1.62,0.25,1.97,1.96,1.96,1.96,1.97,1.97,1.92,1.94,3.4,3.25,2.15,3.3,3.3,2.25,3.35,3.25,2.25,3.35,3.31,2.33,3.3,3.2,2.25,3.4,3.2,2.2,3.45,3.36,2.38,3.32,3.24,2.26,2.1,1.72,2.15,1.76,2.22,1.83,2.12,1.72,0.25,1.97,1.96,1.92,2,1.97,2,1.92,1.94
F1,03/12/2019,20:05,Lyon,Lille,0,1,A,0,0,D,11,8,3,2,13,9,9,1,1,2,0,0,1.9,3.6,3.9,1.95,3.5,3.9,2,3.5,3.8,2.03,3.56,3.94,2,3.4,3.75,1.95,3.5,3.8,2.07,3.62,4.15,2,3.49,3.81,1.9,1.9,1.95,1.95,1.96,1.98,1.9,1.91,-0.5,2.03,1.9,2.03,1.89,2.04,1.91,2,1.86,2.05,3.4,3.6,2,3.3,4,2.05,3.4,3.75,2.05,3.51,3.91,2,3.3,3.9,2,3.4,3.8,2.1,3.55,4.2,2.02,3.39,3.87,2,1.8,2.1,1.81,2.17,2,2.01,1.81,-0.5,2.05,1.88,2.05,1.87,2.05,1.9,2.01,1.84
F1,04/12/2019,18:00,Dijon,Montpellier,2,2,D,1,2,A,18,18,2,6,15,20,12,6,3,3,0,0,3.2,3,2.5,3.2,3.1,2.4,3.1,3.05,2.5,3.12,3.09,2.59,3,3.1,2.45,3.13,3,2.45,3.21,3.22,2.6,3.08,3.08,2.47,2.5,1.53,2.61,1.54,2.61,1.59,2.46,1.54,0.25,1.8,2.14,1.76,2.19,1.81,2.19,1.77,2.11,2.87,3,2.75,2.9,3,2.7,2.9,3,2.65,3.01,2.97,2.77,2.88,3,2.62,2.8,3,2.7,3.09,3.18,2.83,2.89,2.99,2.7,2.37,1.57,2.55,1.56,2.56,1.61,2.42,1.56,0,2.04,1.89,2.04,1.88,2.19,1.92,2,1.86
F1,04/12/2019,18:00,Metz,Rennes,0,1,A,0,1,A,20,12,4,2,13,8,8,8,2,0,0,0,3,3,2.6,3,3,2.6,3.1,3.05,2.5,3.1,3.1,2.6,3,3.1,2.5,3,3,2.55,3.13,3.2,2.62,3.01,3.06,2.54,2.5,1.53,2.64,1.53,2.64,1.56,2.54,1.52,0,2.14,1.8,2.14,1.79,2.15,1.82,2.11,1.77,3.1,3.1,2.5,3,3,2.6,3,3,2.6,3.11,2.98,2.69,3,3,2.55,2.9,3,2.6,3.14,3.16,2.71,3.01,3,2.59,2.5,1.53,2.67,1.52,2.68,1.56,2.55,1.51,0,2.1,1.83,2.11,1.81,2.11,1.84,2.07,1.8
F1,04/12/2019,18:00,St Etienne,Nice,4,1,H,3,1,H,15,16,7,4,15,11,8,5,2,3,0,0,2.3,3.3,3.2,2.4,3.4,2.95,2.35,3.25,3.1,2.41,3.38,3.14,2.35,3.3,3,2.38,3.13,3.1,2.43,3.42,3.25,2.36,3.29,3.07,2.1,1.72,2.21,1.73,2.23,1.76,2.13,1.72,-0.25,2.08,1.85,2.07,1.85,2.09,1.88,2.04,1.83,2.05,3.4,3.8,2.15,3.4,3.4,2.05,3.3,3.8,2.09,3.39,3.89,2.05,3.3,3.75,2,3.3,3.9,2.15,3.5,3.96,2.07,3.35,3.71,2.1,1.72,2.16,1.76,2.21,1.8,2.12,1.72,-0.25,1.75,2.05,1.79,2.14,1.83,2.17,1.78,2.1
F1,04/12/2019,18:00,Toulouse,Monaco,1,2,A,1,1,D,14,18,3,7,18,10,2,6,0,1,0,0,3.8,3.75,1.9,4,3.8,1.85,3.85,3.75,1.9,3.95,3.94,1.92,3.8,3.75,1.88,4,3.75,1.83,4.2,3.95,1.95,3.86,3.8,1.88,1.66,2.2,1.69,2.27,1.73,2.27,1.69,2.18,0.5,2.03,1.9,2,1.92,2.03,1.92,1.98,1.88,4,3.6,1.85,3.8,3.75,1.91,3.75,3.8,1.9,4.02,3.72,1.96,4,3.7,1.85,3.7,3.75,1.93,4.36,3.85,1.97,3.86,3.72,1.91,1.61,2.3,1.66,2.34,1.68,2.42,1.61,2.3,0.5,1.97,1.96,1.96,1.96,2,1.98,1.94,1.92
F1,04/12/2019,20:05,Paris SG,Nantes,2,0,H,0,0,D,10,11,6,4,11,14,5,9,1,2,0,0,1.16,7.5,17,1.17,7.5,17,1.17,7.6,17,1.16,8.2,20.01,1.14,7.5,19,1.13,7.5,22,1.19,8.5,23,1.15,7.69,18.03,1.44,2.75,1.48,2.8,1.49,2.83,1.46,2.69,-2,1.77,2.02,1.85,2.07,1.88,2.15,1.81,2.06,1.11,9,21,1.14,8.25,18,1.15,7.9,18,1.14,9.29,22.2,1.11,9,21,1.1,9.5,23,1.15,10,26,1.13,8.77,19.61,1.36,3.2,1.35,3.4,1.44,3.58,1.36,3.11,-2.25,1.88,2.05,1.9,2.02,1.95,2.07,1.86,2
F1,06/12/2019,18:00,Lille,Brest,1,0,H,1,0,H,16,6,10,0,10,9,7,3,0,1,0,0,1.36,4.75,9.5,1.36,5,8.5,1.38,4.8,8.4,1.37,5.1,9.15,1.35,4.8,9,1.36,4.6,9,1.44,5.18,9.8,1.37,4.87,8.67,1.8,2,1.79,2.12,1.84,2.13,1.79,2.04,-1.25,1.92,2.01,1.9,2.02,1.94,2.03,1.88,1.98,1.33,5,9,1.36,5.25,8.25,1.4,4.7,7.8,1.34,5.51,9.42,1.32,5.25,9,1.33,5,8.5,1.4,5.7,9.7,1.35,5.17,8.6,1.61,2.3,1.63,2.4,1.75,2.4,1.64,2.25,-1.5,2.05,1.75,2.07,1.85,2.14,1.85,2.07,1.8
F1,06/12/2019,19:45,Nimes,Lyon,0,4,A,0,1,A,6,22,2,8,10,15,1,5,2,2,2,0,5,3.8,1.7,4.4,3.9,1.78,4.4,3.9,1.77,4.49,4.25,1.74,4.33,4,1.73,4.6,3.8,1.73,5,4.3,1.81,4.41,4,1.75,1.72,2.1,1.75,2.17,1.81,2.19,1.73,2.1,0.75,1.96,1.97,1.95,1.97,1.96,2.01,1.9,1.95,5,4,1.61,4.75,4,1.7,5,3.85,1.7,5.24,3.88,1.71,5.25,3.9,1.63,5.2,3.75,1.67,5.65,4.2,1.73,5.04,3.86,1.68,1.9,1.9,1.93,1.98,2,2.13,1.87,1.94,0.75,2.01,1.92,1.99,1.93,2.13,1.95,1.97,1.89
F1,07/12/2019,16:30,Montpellier,Paris SG,1,3,A,1,0,H,6,14,1,5,17,18,4,4,5,3,1,0,7,4.5,1.45,7.5,4.33,1.45,6.3,4.65,1.47,6.63,4.7,1.49,6.5,4.5,1.47,7,4.6,1.44,7.5,4.75,1.51,6.57,4.55,1.47,1.61,2.3,1.65,2.35,1.65,2.55,1.59,2.33,1.25,1.88,2.05,1.85,2.07,1.89,2.07,1.83,2.03,6,5,1.44,6.75,4.75,1.44,7,4.5,1.45,6.64,5.22,1.45,7,4.8,1.42,7,4.6,1.44,7,5.22,1.48,6.41,4.88,1.45,1.57,2.37,1.57,2.53,1.59,2.55,1.55,2.42,1.25,1.92,2.01,1.97,1.95,2.02,2.01,1.89,1.97
F1,07/12/2019,19:00,Monaco,Amiens,3,0,H,0,0,D,20,5,8,2,10,8,8,1,0,0,0,0,1.44,4.5,7,1.45,4.5,7,1.46,4.65,6.6,1.45,4.84,7.27,1.42,4.6,7,1.44,4.4,7,1.5,4.9,7.45,1.45,4.63,6.82,1.61,2.3,1.62,2.42,1.69,2.42,1.63,2.27,-1.25,2.05,1.88,2.05,1.86,2.06,1.89,2.02,1.84,1.44,4.75,6.5,1.44,4.75,7,1.45,4.4,7.2,1.43,4.72,8.2,1.4,4.75,7.5,1.44,4.5,7,1.48,5.05,8.3,1.43,4.71,7.2,1.57,2.37,1.6,2.45,1.66,2.69,1.57,2.39,-1.25,2.04,1.89,2.03,1.89,2.06,2,1.99,1.87
F1,07/12/2019,19:00,Nice,Metz,4,1,H,2,0,H,14,18,5,3,8,13,2,4,0,2,0,0,1.75,3.5,5,1.78,3.6,4.75,1.8,3.5,4.7,1.79,3.58,5.18,1.75,3.5,5,1.8,3.5,4.6,1.83,3.71,5.2,1.79,3.51,4.79,2,1.8,2.09,1.82,2.16,1.84,2.06,1.76,-0.75,2.05,1.75,2.05,1.86,2.12,1.86,2.05,1.81,1.8,3.5,4.5,1.8,3.5,4.75,1.77,3.45,4.9,1.81,3.58,5.03,1.75,3.4,5.25,1.8,3.4,4.8,1.85,3.71,5.29,1.8,3.46,4.85,2.2,1.66,2.26,1.7,2.28,1.84,2.17,1.69,-0.75,2.11,1.82,2.1,1.83,2.15,1.85,2.07,1.8
F1,07/12/2019,19:00,Rennes,Angers,2,1,H,1,0,H,8,12,3,1,15,12,4,4,3,1,0,0,2.1,3.3,3.75,2.15,3.25,3.6,2.1,3.25,3.75,2.15,3.17,4.02,2.05,3.2,3.8,2.1,3.2,3.7,2.2,3.34,4.02,2.11,3.21,3.75,2.2,1.66,2.34,1.65,2.34,1.75,2.21,1.67,-0.25,1.84,2.09,1.82,2.1,1.85,2.1,1.81,2.06,2.1,3.25,3.75,2.05,3.25,4,2.2,3.15,3.55,2.22,3.23,3.73,2.1,3.1,3.8,2.2,3.13,3.5,2.25,3.3,4.2,2.14,3.17,3.72,2.3,1.61,2.36,1.65,2.36,1.7,2.28,1.63,-0.25,1.9,2.03,1.89,2.03,1.91,2.26,1.84,2.02
F1,07/12/2019,19:00,Strasbourg,Toulouse,4,2,H,2,1,H,18,14,7,9,10,7,3,5,0,1,0,0,1.72,3.8,4.75,1.72,3.9,4.75,1.7,3.8,4.85,1.69,4.09,5.11,1.65,3.9,5,1.67,3.75,5.2,1.73,4.09,5.4,1.7,3.87,4.89,1.9,1.9,1.96,1.94,1.96,1.97,1.9,1.9,-0.75,1.92,2.01,1.91,2.01,1.95,2.01,1.9,1.96,1.7,3.8,4.75,1.72,3.9,4.75,1.73,3.7,4.9,1.74,3.85,5.11,1.7,3.7,5,1.73,3.7,4.8,1.78,3.91,5.35,1.73,3.73,4.86,1.9,1.9,2.01,1.89,2.03,2.05,1.93,1.87,-0.75,1.99,1.94,1.99,1.93,2.01,2,1.96,1.9
F1,08/12/2019,14:00,Reims,St Etienne,3,1,H,1,0,H,10,11,3,4,10,14,1,2,2,2,0,0,2.05,3.25,4,1.95,3.3,4.25,2,3.2,4.05,2.01,3.38,4.24,1.95,3.2,4.2,2,3.1,4,2.1,3.4,4.4,1.99,3.26,4.1,2.5,1.53,2.6,1.54,2.6,1.6,2.48,1.54,-0.5,2.04,1.89,2.01,1.9,2.1,1.9,2,1.85,2.15,3.1,3.8,2.25,3,3.7,2.2,3.05,3.7,2.2,3.13,3.92,2.2,3,3.7,2.2,3,3.7,2.29,3.18,4,2.2,3.04,3.74,2.75,1.44,2.78,1.48,2.79,1.52,2.64,1.48,-0.25,1.89,2.04,1.86,2.06,1.92,2.06,1.86,2
F1,08/12/2019,16:00,Nantes,Dijon,1,0,H,0,0,D,17,5,6,1,12,14,9,1,1,2,0,0,1.8,3.75,4.33,1.83,3.6,4.5,1.8,3.6,4.6,1.8,3.88,4.58,1.75,3.7,4.5,1.8,3.4,4.6,1.85,3.88,4.8,1.8,3.67,4.48,2.1,1.72,2.18,1.75,2.18,1.89,2.09,1.74,-0.75,2.08,1.85,2.08,1.84,2.12,1.85,2.05,1.81,1.57,4,6,1.67,3.75,5.5,1.7,3.7,5.2,1.63,4,5.94,1.6,3.8,5.8,1.62,3.7,5.75,1.7,4.05,6.9,1.63,3.8,5.69,2.1,1.72,2.09,1.81,2.15,1.83,2.07,1.75,-0.75,1.83,2.1,1.82,2.1,1.88,2.2,1.82,2.04
F1,08/12/2019,20:00,Marseille,Bordeaux,3,1,H,0,1,A,25,3,6,2,10,9,7,0,2,1,0,0,1.61,4.2,5.25,1.62,4,5.5,1.6,4.05,5.4,1.61,4.35,5.52,1.57,4.2,5.5,1.6,3.8,5.5,1.67,4.35,5.75,1.61,4.1,5.37,1.9,1.9,1.94,1.96,1.97,1.97,1.9,1.9,-1,2.05,1.75,2.15,1.79,2.15,1.84,2.1,1.77,1.61,3.9,5.5,1.62,4,5.5,1.67,3.75,5.5,1.69,3.79,5.69,1.62,3.7,5.8,1.65,3.7,5.4,1.71,4,6.45,1.65,3.8,5.46,2,1.8,2.09,1.81,2.09,1.99,1.99,1.82,-0.75,1.92,2.01,1.91,2.01,1.94,2.15,1.86,2
